Old_index,Name,Amount,List_Price,Price_per_unit_of_measure,Store,Cabaz_product,Standardized_Category,Abbr_Category,Currency
8530,Leite UHT Meio Gordo,3.0,1.11,1.85,continete,0,leite_ovos,LEOV,€
8547,Leite UHT Meio Gordo,3.0,0.89,1.48,continete,0,leite_ovos,LEOV,€
8809,Leite UHT Meio Gordo,3.0,1.11,1.85,continete,0,leite_ovos,LEOV,€
8915,Leite UHT Meio Gordo,8.0,6.4,0.8,continete,0,leite_ovos,LEOV,€
9248,Leite UHT Meio Gordo,0.25,0.92,3.68,continete,0,leite_ovos,LEOV,€
8530,Leite UHT Meio Gordo,3.0,1.11,1.85,continete,0,leite_ovos,LEOV,€
8547,Leite UHT Meio Gordo,3.0,0.89,1.48,continete,0,leite_ovos,LEOV,€
8809,Leite UHT Meio Gordo,3.0,1.11,1.85,continete,0,leite_ovos,LEOV,€
8915,Leite UHT Meio Gordo,8.0,6.4,0.8,continete,0,leite_ovos,LEOV,€
9248,Leite UHT Meio Gordo,0.25,0.92,3.68,continete,0,leite_ovos,LEOV,€
8530,Leite UHT Meio Gordo,3.0,1.11,1.85,continete,0,leite_ovos,LEOV,€
8547,Leite UHT Meio Gordo,3.0,0.89,1.48,continete,0,leite_ovos,LEOV,€
8809,Leite UHT Meio Gordo,3.0,1.11,1.85,continete,0,leite_ovos,LEOV,€
8915,Leite UHT Meio Gordo,8.0,6.4,0.8,continete,0,leite_ovos,LEOV,€
9248,Leite UHT Meio Gordo,0.25,0.92,3.68,continete,0,leite_ovos,LEOV,€
8530,Leite UHT Meio Gordo,3.0,1.11,1.85,continete,0,leite_ovos,LEOV,€
8547,Leite UHT Meio Gordo,3.0,0.89,1.48,continete,0,leite_ovos,LEOV,€
8809,Leite UHT Meio Gordo,3.0,1.11,1.85,continete,0,leite_ovos,LEOV,€
8915,Leite UHT Meio Gordo,8.0,6.4,0.8,continete,0,leite_ovos,LEOV,€
9248,Leite UHT Meio Gordo,0.25,0.92,3.68,continete,0,leite_ovos,LEOV,€
8530,Leite UHT Meio Gordo,3.0,1.11,1.85,continete,0,leite_ovos,LEOV,€
8547,Leite UHT Meio Gordo,3.0,0.89,1.48,continete,0,leite_ovos,LEOV,€
8809,Leite UHT Meio Gordo,3.0,1.11,1.85,continete,0,leite_ovos,LEOV,€
8915,Leite UHT Meio Gordo,8.0,6.4,0.8,continete,0,leite_ovos,LEOV,€
9248,Leite UHT Meio Gordo,0.25,0.92,3.68,continete,0,leite_ovos,LEOV,€
9526,Leite Meio Gordo Fresco,4.0,1.87,1.87,continete,0,leite_ovos,LEOV,€
16597, Leite Meio Gordo Vigor ,1.0,1.78,1.78,pingo_doce,0,leite_ovos,LEOV,€
6101,Leite Meio Gordo sem Lactose,4.0,1.97,2.46,continete,0,mercearia,MERC,€
8548,Leite Meio Gordo sem Lactose,4.0,1.97,2.46,continete,0,leite_ovos,LEOV,€
7930,Leite Meio Gordo Infantil sem Lactose + 3 Anos,4.0,2.19,2.74,continete,0,mercearia,MERC,€
9432,Leite Meio Gordo Infantil sem Lactose + 3 Anos,4.0,2.19,2.74,continete,0,leite_ovos,LEOV,€
6101,Leite Meio Gordo sem Lactose,4.0,1.97,2.46,continete,0,mercearia,MERC,€
8548,Leite Meio Gordo sem Lactose,4.0,1.97,2.46,continete,0,leite_ovos,LEOV,€
7930,Leite Meio Gordo Infantil sem Lactose + 3 Anos,4.0,2.19,2.74,continete,0,mercearia,MERC,€
9432,Leite Meio Gordo Infantil sem Lactose + 3 Anos,4.0,2.19,2.74,continete,0,leite_ovos,LEOV,€
9,Tablete de Chocolate de Leite Extrafino sem GlÃºten,0.27,4.25,15.74,continete,0,mercearia,MERC,€
2977,Tablete de Chocolate de Leite Extrafino sem GlÃºten,0.125,1.64,13.12,continete,0,mercearia,MERC,€
6725,Tablete de Chocolate de Leite Extrafino sem GlÃºten,0.27,4.25,15.74,continete,0,mercearia,MERC,€
7259,Tablete de Chocolate de Leite Extrafino sem GlÃºten,0.125,1.64,13.12,continete,0,mercearia,MERC,€
17,Leite em PÃ³ Confort 2 +6M sem GlÃºten,0.8,20.5,25.63,continete,0,mercearia,MERC,€
3920,Leite em PÃ³ Confort 2 +6M sem GlÃºten,0.8,22.63,28.29,continete,0,mercearia,MERC,€
192,Bolachas Cobertas Chocolate de Leite,0.15,1.29,8.6,continete,0,mercearia,MERC,€
332,Bolachas Argolinhas com Cobertura Chocolate de Leite,0.15,0.79,5.27,continete,0,mercearia,MERC,€
9747,Queijo Meio Gordo,0.5,7.06,14.12,continete,1,frigorifico,FRIGO,€
10114,Queijo Meio Gordo,0.55,7.53,13.69,continete,1,frigorifico,FRIGO,€
9747,Queijo Meio Gordo,0.5,7.06,14.12,continete,1,frigorifico,FRIGO,€
10114,Queijo Meio Gordo,0.55,7.53,13.69,continete,1,frigorifico,FRIGO,€
9745,Queijo Fresco Meio Gordo,0.2,0.93,4.65,continete,1,frigorifico,FRIGO,€
9751,Queijo Fresco Meio Gordo,0.08,0.55,6.88,continete,1,frigorifico,FRIGO,€
9745,Queijo Fresco Meio Gordo,0.2,0.93,4.65,continete,1,frigorifico,FRIGO,€
9751,Queijo Fresco Meio Gordo,0.08,0.55,6.88,continete,1,frigorifico,FRIGO,€
10003,Queijo Meio Gordo sem Lactose,0.25,3.95,15.8,continete,1,frigorifico,FRIGO,€
16972, Queijo Meio Gordo Fonte Mourisca ,1.3,13.19,13.19,pingo_doce,1,frigorÃ­fico,frigorÃ­fico,€
17334, Queijo Meio Gordo D. Pedro ,1.02,10.84,10.84,pingo_doce,1,frigorÃ­fico,frigorÃ­fico,€
461,Snack EquilÃ­brio de Cereais Queijo e Cebola,0.095,2.15,22.63,continete,1,mercearia,MERC,€
690,Snacks Milho Futebolas Sabor Queijo,0.13,1.99,15.31,continete,1,mercearia,MERC,€
1159,Snack para BebÃ© Ervilha e Queijo +8M,0.02,1.19,59.5,continete,1,mercearia,MERC,€
6496,Snack para BebÃ© Ervilha e Queijo +8M,0.02,1.19,59.5,continete,1,mercearia,MERC,€
1481,Nachos de Milho Sabor a Queijo,0.15,1.19,7.93,continete,1,mercearia,MERC,€
1601,Bolachas Cracker Sabor a Queijo,0.1,1.34,13.4,continete,1,mercearia,MERC,€
1662,Cones de Milho Sabor Queijo e Bacon,0.13,0.99,7.62,continete,1,mercearia,MERC,€
1696,Snacks Milho Rolitos Queijo,0.1,1.99,19.9,continete,1,mercearia,MERC,€
1827,Croutons com Queijo e SÃ©samo,0.075,1.69,22.53,continete,1,mercearia,MERC,€
5142,Croutons com Queijo e SÃ©samo,0.075,1.69,22.53,continete,1,padaria_pastelaria,PAPA,€
3,Arroz Agulha,1.0,1.59,1.59,continete,2,mercearia,MERC,€
222,Arroz Agulha,1.0,1.26,1.26,continete,2,mercearia,MERC,€
400,Arroz Agulha,1.0,1.68,1.68,continete,2,mercearia,MERC,€
750,Arroz Agulha,1.0,1.5,1.5,continete,2,mercearia,MERC,€
8,Arroz Basmati,1.0,2.06,2.06,continete,2,mercearia,MERC,€
189,Arroz Basmati,2.5,5.65,2.26,continete,2,mercearia,MERC,€
500,Arroz Basmati,1.0,2.72,2.72,continete,2,mercearia,MERC,€
819,Arroz Basmati,0.5,1.17,2.34,continete,2,mercearia,MERC,€
1742,Arroz Basmati,1.0,2.82,2.82,continete,2,mercearia,MERC,€
40,Arroz Agulha Europa,1.0,1.12,1.12,continete,2,mercearia,MERC,€
68,Arroz Carolino,1.0,1.31,1.31,continete,2,mercearia,MERC,€
112,Arroz Carolino,1.0,2.16,2.16,continete,2,mercearia,MERC,€
137,Arroz Carolino,1.0,1.49,1.49,continete,2,mercearia,MERC,€
99,Arroz Vaporizado,1.0,1.12,1.12,continete,2,mercearia,MERC,€
280,Arroz Vaporizado,1.0,1.3,1.3,continete,2,mercearia,MERC,€
68,Arroz Carolino,1.0,1.31,1.31,continete,2,mercearia,MERC,€
112,Arroz Carolino,1.0,2.16,2.16,continete,2,mercearia,MERC,€
137,Arroz Carolino,1.0,1.49,1.49,continete,2,mercearia,MERC,€
68,Arroz Carolino,1.0,1.31,1.31,continete,2,mercearia,MERC,€
112,Arroz Carolino,1.0,2.16,2.16,continete,2,mercearia,MERC,€
137,Arroz Carolino,1.0,1.49,1.49,continete,2,mercearia,MERC,€
140,Arroz Basmati Extra Longo,1.0,2.39,2.39,continete,2,mercearia,MERC,€
310,Arroz Basmati Extra Longo,1.0,2.35,2.35,continete,2,mercearia,MERC,€
157,Arroz Integral Extra Longo,1.0,2.0,2.0,continete,2,mercearia,MERC,€
1257,Arroz Integral Extra Longo,1.0,1.4,1.4,continete,2,mercearia,MERC,€
3257,Arroz Integral Extra Longo,1.0,1.4,1.4,continete,2,mercearia,MERC,€
8,Arroz Basmati,1.0,2.06,2.06,continete,2,mercearia,MERC,€
189,Arroz Basmati,2.5,5.65,2.26,continete,2,mercearia,MERC,€
500,Arroz Basmati,1.0,2.72,2.72,continete,2,mercearia,MERC,€
819,Arroz Basmati,0.5,1.17,2.34,continete,2,mercearia,MERC,€
1742,Arroz Basmati,1.0,2.82,2.82,continete,2,mercearia,MERC,€
3,Arroz Agulha,1.0,1.59,1.59,continete,2,mercearia,MERC,€
222,Arroz Agulha,1.0,1.26,1.26,continete,2,mercearia,MERC,€
400,Arroz Agulha,1.0,1.68,1.68,continete,2,mercearia,MERC,€
750,Arroz Agulha,1.0,1.5,1.5,continete,2,mercearia,MERC,€
223,Arroz Agulha Selecionado,1.0,1.21,1.21,continete,2,mercearia,MERC,€
99,Arroz Vaporizado,1.0,1.12,1.12,continete,2,mercearia,MERC,€
280,Arroz Vaporizado,1.0,1.3,1.3,continete,2,mercearia,MERC,€
140,Arroz Basmati Extra Longo,1.0,2.39,2.39,continete,2,mercearia,MERC,€
310,Arroz Basmati Extra Longo,1.0,2.35,2.35,continete,2,mercearia,MERC,€
313,Arroz Carolino Extra Longo,1.0,2.01,2.01,continete,2,mercearia,MERC,€
890,Arroz Carolino Extra Longo,1.0,2.01,2.01,continete,2,mercearia,MERC,€
5,Massa Esparguete,0.5,1.16,2.32,continete,3,mercearia,MERC,€
11,Massa Esparguete,0.5,0.75,1.5,continete,3,mercearia,MERC,€
50,Massa Esparguete,0.55,1.21,2.42,continete,3,mercearia,MERC,€
263,Massa Esparguete,1.0,2.16,2.16,continete,3,mercearia,MERC,€
265,Massa Esparguete,0.5,1.21,2.42,continete,3,mercearia,MERC,€
418,Massa Esparguete,0.5,1.21,2.42,continete,3,mercearia,MERC,€
494,Massa Esparguete,2.0,4.32,2.16,continete,3,mercearia,MERC,€
560,Massa Esparguete,0.55,0.83,1.66,continete,3,mercearia,MERC,€
831,Massa Esparguete,0.5,2.04,4.08,continete,3,mercearia,MERC,€
887,Massa Esparguete,0.5,1.21,2.42,continete,3,mercearia,MERC,€
1004,Massa Esparguete,0.5,1.82,3.64,continete,3,mercearia,MERC,€
1699,Massa Esparguete,0.5,1.97,3.94,continete,3,mercearia,MERC,€
1874,Massa Esparguete,0.5,2.25,4.5,continete,3,mercearia,MERC,€
2136,Massa Esparguete,0.5,1.23,2.46,continete,3,mercearia,MERC,€
3588,Massa Esparguete,0.5,1.31,2.62,continete,3,mercearia,MERC,€
6269,Massa Esparguete,0.5,1.21,2.42,continete,3,mercearia,MERC,€
6822,Massa Esparguete,0.5,1.31,2.62,continete,3,mercearia,MERC,€
7054,Massa Esparguete,0.5,1.97,3.94,continete,3,mercearia,MERC,€
5,Massa Esparguete,0.5,1.16,2.32,continete,3,mercearia,MERC,€
11,Massa Esparguete,0.5,0.75,1.5,continete,3,mercearia,MERC,€
50,Massa Esparguete,0.55,1.21,2.42,continete,3,mercearia,MERC,€
263,Massa Esparguete,1.0,2.16,2.16,continete,3,mercearia,MERC,€
265,Massa Esparguete,0.5,1.21,2.42,continete,3,mercearia,MERC,€
418,Massa Esparguete,0.5,1.21,2.42,continete,3,mercearia,MERC,€
494,Massa Esparguete,2.0,4.32,2.16,continete,3,mercearia,MERC,€
560,Massa Esparguete,0.55,0.83,1.66,continete,3,mercearia,MERC,€
831,Massa Esparguete,0.5,2.04,4.08,continete,3,mercearia,MERC,€
887,Massa Esparguete,0.5,1.21,2.42,continete,3,mercearia,MERC,€
1004,Massa Esparguete,0.5,1.82,3.64,continete,3,mercearia,MERC,€
1699,Massa Esparguete,0.5,1.97,3.94,continete,3,mercearia,MERC,€
1874,Massa Esparguete,0.5,2.25,4.5,continete,3,mercearia,MERC,€
2136,Massa Esparguete,0.5,1.23,2.46,continete,3,mercearia,MERC,€
3588,Massa Esparguete,0.5,1.31,2.62,continete,3,mercearia,MERC,€
6269,Massa Esparguete,0.5,1.21,2.42,continete,3,mercearia,MERC,€
6822,Massa Esparguete,0.5,1.31,2.62,continete,3,mercearia,MERC,€
7054,Massa Esparguete,0.5,1.97,3.94,continete,3,mercearia,MERC,€
47,Massa Esparguete Pack PoupanÃ§a,1.0,1.31,1.31,continete,3,mercearia,MERC,€
5,Massa Esparguete,0.5,1.16,2.32,continete,3,mercearia,MERC,€
11,Massa Esparguete,0.5,0.75,1.5,continete,3,mercearia,MERC,€
50,Massa Esparguete,0.55,1.21,2.42,continete,3,mercearia,MERC,€
263,Massa Esparguete,1.0,2.16,2.16,continete,3,mercearia,MERC,€
265,Massa Esparguete,0.5,1.21,2.42,continete,3,mercearia,MERC,€
418,Massa Esparguete,0.5,1.21,2.42,continete,3,mercearia,MERC,€
494,Massa Esparguete,2.0,4.32,2.16,continete,3,mercearia,MERC,€
560,Massa Esparguete,0.55,0.83,1.66,continete,3,mercearia,MERC,€
831,Massa Esparguete,0.5,2.04,4.08,continete,3,mercearia,MERC,€
887,Massa Esparguete,0.5,1.21,2.42,continete,3,mercearia,MERC,€
1004,Massa Esparguete,0.5,1.82,3.64,continete,3,mercearia,MERC,€
1699,Massa Esparguete,0.5,1.97,3.94,continete,3,mercearia,MERC,€
1874,Massa Esparguete,0.5,2.25,4.5,continete,3,mercearia,MERC,€
2136,Massa Esparguete,0.5,1.23,2.46,continete,3,mercearia,MERC,€
3588,Massa Esparguete,0.5,1.31,2.62,continete,3,mercearia,MERC,€
6269,Massa Esparguete,0.5,1.21,2.42,continete,3,mercearia,MERC,€
6822,Massa Esparguete,0.5,1.31,2.62,continete,3,mercearia,MERC,€
7054,Massa Esparguete,0.5,1.97,3.94,continete,3,mercearia,MERC,€
52,Massa Espirais,0.5,0.7,1.4,continete,3,mercearia,MERC,€
2370,Massa Espirais,0.5,1.38,2.76,continete,3,mercearia,MERC,€
64,Massa Fusilli,0.5,2.44,4.88,continete,3,mercearia,MERC,€
949,Massa Fusilli,0.5,1.21,2.42,continete,3,mercearia,MERC,€
1011,Massa Fusilli,0.5,1.97,3.94,continete,3,mercearia,MERC,€
1635,Massa Fusilli,0.5,2.04,4.08,continete,3,mercearia,MERC,€
2055,Massa Fusilli,0.5,2.25,4.5,continete,3,mercearia,MERC,€
6363,Massa Fusilli,0.5,1.21,2.42,continete,3,mercearia,MERC,€
82,Massa Espirais Fusilli Tricolor,0.5,1.21,2.42,continete,3,mercearia,MERC,€
107,Massa Macarronete Penne Grande Riscado,0.5,1.65,3.3,continete,3,mercearia,MERC,€
117,Massa Esparguete Tricolor,0.5,1.21,2.42,continete,3,mercearia,MERC,€
837,Massa Esparguete Tricolor,0.5,1.21,2.42,continete,3,mercearia,MERC,€
128,Massa Farfalle,0.5,2.44,4.88,continete,3,mercearia,MERC,€
405,Massa Farfalle,0.5,1.02,2.04,continete,3,mercearia,MERC,€
961,Massa Farfalle,0.5,2.04,4.08,continete,3,mercearia,MERC,€
2006,Massa Farfalle,0.5,1.97,3.94,continete,3,mercearia,MERC,€
131,Massa Penne Rigate,0.5,2.44,4.88,continete,3,mercearia,MERC,€
262,Massa Penne Rigate,0.5,2.25,4.5,continete,3,mercearia,MERC,€
536,Massa Penne Rigate,0.5,0.99,1.98,continete,3,mercearia,MERC,€
4489,Massa Penne Rigate,0.5,1.97,3.94,continete,3,mercearia,MERC,€
6294,Massa Penne Rigate,0.5,0.99,1.98,continete,3,mercearia,MERC,€
144,Massa MacarrÃ£o Riscado,0.5,0.93,1.86,continete,3,mercearia,MERC,€
604,Massa MacarrÃ£o Riscado,0.5,1.12,2.24,continete,3,mercearia,MERC,€
152,Massa Esparguete Integral,0.5,2.82,5.64,continete,3,mercearia,MERC,€
520,Massa Esparguete Integral,0.5,0.93,1.86,continete,3,mercearia,MERC,€
633,Massa Esparguete Integral,0.5,1.81,3.62,continete,3,mercearia,MERC,€
873,Massa Esparguete Integral,0.5,2.14,4.28,continete,3,mercearia,MERC,€
1035,Massa Esparguete Integral,0.5,1.31,2.62,continete,3,mercearia,MERC,€
2000,Massa Esparguete Integral,0.5,2.06,4.12,continete,3,mercearia,MERC,€
2468,Massa Esparguete Integral,0.5,2.5,5.0,continete,3,mercearia,MERC,€
6482,Massa Esparguete Integral,0.5,0.93,1.86,continete,3,mercearia,MERC,€
6711,Massa Esparguete Integral,0.5,2.5,5.0,continete,3,mercearia,MERC,€
153,Massa Penne Rigate sem GlÃºten,0.4,2.91,7.28,continete,3,mercearia,MERC,€
6256,Massa Penne Rigate sem GlÃºten,0.4,2.91,7.28,continete,3,mercearia,MERC,€
167,Massa Espirais Fusilli,0.5,1.12,2.24,continete,3,mercearia,MERC,€
697,Massa Espirais Fusilli,0.5,1.12,2.24,continete,3,mercearia,MERC,€
2357,Massa Espirais Fusilli,1.0,1.65,1.65,continete,3,mercearia,MERC,€
461,Snack EquilÃ­brio de Cereais Queijo e Cebola,0.095,2.15,22.63,continete,1,mercearia,MERC,€
597,Cereais Crockers Recheio de Leite,0.375,1.99,5.31,continete,0,mercearia,MERC,€
660,Barras de Cereais Chocolate de Leite e Banana,0.126,1.29,10.32,continete,0,mercearia,MERC,€
979,Tostas RÃºsticas 9 Cereais,0.24,2.31,9.63,continete,5,mercearia,MERC,€
5133,Tostas RÃºsticas 9 Cereais,0.24,2.31,9.63,continete,5,padaria_pastelaria,PAPA,€
1020,Bolachas Pequeno AlmoÃ§o Cereais Leite,0.3,1.99,6.63,continete,0,mercearia,MERC,€
1291,Cereais de Arroz Tufado com Chocolate,0.375,1.79,4.77,continete,2,mercearia,MERC,€
6640,Cereais de Arroz Tufado com Chocolate,0.375,1.79,4.77,continete,2,mercearia,MERC,€
1647,Alimento LÃ¡cteo Cereais e Bolacha Maria +6M,4.0,2.79,6.97,continete,6,mercearia,MERC,€
1727,Bolachas de Cereais com Leite,0.3,2.99,9.97,continete,0,mercearia,MERC,€
2142,Cereais Rice Krispies Arroz Tostado com Mel,0.34,2.49,7.32,continete,2,mercearia,MERC,€
7628,Cereais Rice Krispies Arroz Tostado com Mel,0.34,2.49,7.32,continete,2,mercearia,MERC,€
2208,Tortitas de Arroz Multicereais sem GlÃºten,0.13,1.29,9.92,continete,2,mercearia,MERC,€
7110,Tortitas de Arroz Multicereais sem GlÃºten,0.13,1.29,9.92,continete,2,mercearia,MERC,€
2637,Barras de Cereais Chocolate de Leite Muesli,0.15,3.59,23.93,continete,0,mercearia,MERC,€
2751,Cereais Krave Leite,0.41,2.89,7.05,continete,0,mercearia,MERC,€
2803,Barras de Cereais Delice Chocolate de Leite Fitness,0.135,1.99,14.74,continete,0,mercearia,MERC,€
3064,HambÃºrguer de Cereais com Queijo,0.16,3.49,21.81,continete,1,mercearia,MERC,€
7555,HambÃºrguer de Cereais com Queijo,0.16,3.49,21.81,continete,1,mercearia,MERC,€
10757,HambÃºrguer de Cereais com Queijo,0.16,3.49,21.81,continete,1,peixaria_talho,PETA,€
12234,HambÃºrguer de Cereais com Queijo,0.16,3.49,21.81,continete,1,frigorifico,FRIGO,€
3466,Barras de Cereais Chocolate de Leite LÃ­nea,0.12,3.59,29.92,continete,0,mercearia,MERC,€
224,Mini Tostas de Trigo,0.35,1.87,5.34,continete,5,mercearia,MERC,€
1156,Mini Tostas de Trigo,0.35,2.25,6.43,continete,5,mercearia,MERC,€
5012,Mini Tostas de Trigo,0.35,1.87,5.34,continete,5,padaria_pastelaria,PAPA,€
5146,Mini Tostas de Trigo,0.35,2.25,6.43,continete,5,padaria_pastelaria,PAPA,€
335,Tostas Extra Finas,5.0,1.19,11.9,continete,5,mercearia,MERC,€
5030,Tostas Extra Finas,5.0,1.19,11.9,continete,5,padaria_pastelaria,PAPA,€
613,Tostas com Tomate e OrÃ©gÃ£os,0.1,1.87,18.7,continete,5,mercearia,MERC,€
5187,Tostas com Tomate e OrÃ©gÃ£os,0.1,1.87,18.7,continete,5,padaria_pastelaria,PAPA,€
621,Tostas Suecas Integrais,0.225,1.21,5.38,continete,5,mercearia,MERC,€
5060,Tostas Suecas Integrais,0.225,1.21,5.38,continete,5,padaria_pastelaria,PAPA,€
629,Mini Tostas Integrais,0.18,1.32,7.33,continete,5,mercearia,MERC,€
5070,Mini Tostas Integrais,0.18,1.32,7.33,continete,5,padaria_pastelaria,PAPA,€
638,Tostas Integrais,5.0,2.24,2.99,continete,5,mercearia,MERC,€
5032,Tostas Integrais,5.0,2.24,2.99,continete,5,padaria_pastelaria,PAPA,€
5147,Tostas Integrais,0.225,0.93,4.13,continete,5,padaria_pastelaria,PAPA,€
641,Tostas RÃºsticas,0.24,2.31,9.63,continete,5,mercearia,MERC,€
5072,Tostas RÃºsticas,0.24,2.31,9.63,continete,5,padaria_pastelaria,PAPA,€
738,Tostas Suecas,0.225,1.02,4.53,continete,5,mercearia,MERC,€
3396,Tostas Suecas,0.225,1.31,5.82,continete,5,mercearia,MERC,€
5087,Tostas Suecas,0.225,1.02,4.53,continete,5,padaria_pastelaria,PAPA,€
5453,Tostas Suecas,0.225,1.31,5.82,continete,5,padaria_pastelaria,PAPA,€
785,Tostas RÃºsticas Integrais,0.24,2.3,9.58,continete,5,mercearia,MERC,€
5099,Tostas RÃºsticas Integrais,0.24,2.3,9.58,continete,5,padaria_pastelaria,PAPA,€
798,Tostas com Alho e Salsa,0.1,1.87,18.7,continete,5,mercearia,MERC,€
5171,Tostas com Alho e Salsa,0.1,1.87,18.7,continete,5,padaria_pastelaria,PAPA,€
957,Tostas com Azeite e Sal,0.1,1.87,18.7,continete,5,mercearia,MERC,€
5168,Tostas com Azeite e Sal,0.1,1.87,18.7,continete,5,padaria_pastelaria,PAPA,€
958,Tostas de Trigo,0.225,0.83,3.69,continete,5,mercearia,MERC,€
1126,Tostas de Trigo,0.75,2.25,3.0,continete,5,mercearia,MERC,€
5075,Tostas de Trigo,0.75,2.25,3.0,continete,5,padaria_pastelaria,PAPA,€
5153,Tostas de Trigo,0.225,0.83,3.69,continete,5,padaria_pastelaria,PAPA,€
979,Tostas RÃºsticas 9 Cereais,0.24,2.31,9.63,continete,5,mercearia,MERC,€
5133,Tostas RÃºsticas 9 Cereais,0.24,2.31,9.63,continete,5,padaria_pastelaria,PAPA,€
958,Tostas de Trigo,0.225,0.83,3.69,continete,5,mercearia,MERC,€
1126,Tostas de Trigo,0.75,2.25,3.0,continete,5,mercearia,MERC,€
5075,Tostas de Trigo,0.75,2.25,3.0,continete,5,padaria_pastelaria,PAPA,€
5153,Tostas de Trigo,0.225,0.83,3.69,continete,5,padaria_pastelaria,PAPA,€
224,Mini Tostas de Trigo,0.35,1.87,5.34,continete,5,mercearia,MERC,€
1156,Mini Tostas de Trigo,0.35,2.25,6.43,continete,5,mercearia,MERC,€
5012,Mini Tostas de Trigo,0.35,1.87,5.34,continete,5,padaria_pastelaria,PAPA,€
5146,Mini Tostas de Trigo,0.35,2.25,6.43,continete,5,padaria_pastelaria,PAPA,€
1631,Bolacha Maria,0.6,3.29,5.48,continete,6,mercearia,MERC,€
7000,Bolacha Maria,0.6,3.29,5.48,continete,6,mercearia,MERC,€
1631,Bolacha Maria,0.6,3.29,5.48,continete,6,mercearia,MERC,€
7000,Bolacha Maria,0.6,3.29,5.48,continete,6,mercearia,MERC,€
879,Bolacha Maria Dourada,0.8,1.99,2.49,continete,6,mercearia,MERC,€
1647,Alimento LÃ¡cteo Cereais e Bolacha Maria +6M,4.0,2.79,6.97,continete,6,mercearia,MERC,€
2233,Nestum Bolacha Maria +3A,0.25,2.89,11.56,continete,6,mercearia,MERC,€
3426,Papa Infantil NÃ£o LÃ¡ctea Bolacha Maria +6M,0.25,2.59,10.36,continete,6,mercearia,MERC,€
3850,Papa Infantil Farinha NÃ£o LÃ¡ctea 8 Cereais e Mel Bolacha Maria +6M,0.25,2.55,10.2,continete,6,mercearia,MERC,€
3973,Leite e Cereais Bolacha Maria +6M,2.0,2.99,7.48,continete,0,mercearia,MERC,€
4494,Bolacha Maria Hojaldrada,0.15,3.29,5.48,continete,6,mercearia,MERC,€
7386,Suplemento Gold ColagÃ©nio + Ãcido HialurÃ³nico Sabor Bolacha Maria,0.45,23.8,52.89,continete,6,mercearia,MERC,€
7796,100% Whey Isso & Go Bolacha Maria,0.5,18.99,37.98,continete,6,mercearia,MERC,€
9136,Natilhas Bolacha Maria,4.0,1.39,2.78,continete,6,leite_ovos,LEOV,€
12093,Natilhas Bolacha Maria,4.0,1.39,2.78,continete,6,frigorifico,FRIGO,€
9136,Natilhas Bolacha Maria,4.0,1.39,2.78,continete,6,leite_ovos,LEOV,€
12093,Natilhas Bolacha Maria,4.0,1.39,2.78,continete,6,frigorifico,FRIGO,€
13003, Cereais de Bolacha Maria NestlÃ© Nestum ,0.25,2.89,11.56,pingo_doce,6,mercearia,MERC,€
13668, Bolsa de Fruta Banana Laranja Bolacha Maria NestlÃ© ,0.09,1.12,12.44,pingo_doce,6,mercearia,MERC,€
88,FeijÃ£o Frade Cozido,0.41,0.99,4.23,continete,7,mercearia,MERC,€
164,FeijÃ£o Frade Cozido,0.54,0.89,2.23,continete,7,mercearia,MERC,€
182,FeijÃ£o Frade Cozido,0.845,1.99,4.25,continete,7,mercearia,MERC,€
229,FeijÃ£o Frade Cozido,0.41,1.29,4.96,continete,7,mercearia,MERC,€
326,FeijÃ£o Frade Cozido,0.83,1.19,2.29,continete,7,mercearia,MERC,€
414,FeijÃ£o Frade Cozido,0.42,0.84,3.23,continete,7,mercearia,MERC,€
1239,FeijÃ£o Frade Cozido,0.82,2.39,4.6,continete,7,mercearia,MERC,€
119,FeijÃ£o Preto Cozido,0.41,0.99,4.23,continete,7,mercearia,MERC,€
145,FeijÃ£o Preto Cozido,0.82,1.19,2.29,continete,7,mercearia,MERC,€
273,FeijÃ£o Preto Cozido,0.845,1.99,4.25,continete,7,mercearia,MERC,€
274,FeijÃ£o Preto Cozido,0.42,0.84,3.23,continete,7,mercearia,MERC,€
701,FeijÃ£o Preto Cozido,0.82,2.49,4.79,continete,7,mercearia,MERC,€
1590,FeijÃ£o Preto Cozido,0.41,1.39,5.35,continete,7,mercearia,MERC,€
123,FeijÃ£o Manteiga Cozido,0.41,0.99,4.23,continete,7,mercearia,MERC,€
209,FeijÃ£o Manteiga Cozido,0.83,1.19,2.29,continete,7,mercearia,MERC,€
266,FeijÃ£o Manteiga Cozido,0.82,2.39,4.6,continete,7,mercearia,MERC,€
410,FeijÃ£o Manteiga Cozido,0.41,1.29,4.96,continete,7,mercearia,MERC,€
426,FeijÃ£o Manteiga Cozido,0.54,0.89,2.23,continete,7,mercearia,MERC,€
469,FeijÃ£o Manteiga Cozido,0.42,0.84,3.23,continete,7,mercearia,MERC,€
528,FeijÃ£o Manteiga Cozido,0.845,1.99,4.23,continete,7,mercearia,MERC,€
3388,FeijÃ£o Manteiga Cozido,0.56,1.99,4.98,continete,7,mercearia,MERC,€
129,FeijÃ£o Encarnado Cozido,0.41,0.99,4.23,continete,7,mercearia,MERC,€
195,FeijÃ£o Encarnado Cozido,0.54,0.89,2.23,continete,7,mercearia,MERC,€
217,FeijÃ£o Encarnado Cozido,0.83,1.19,2.29,continete,7,mercearia,MERC,€
236,FeijÃ£o Encarnado Cozido,0.845,1.99,4.23,continete,7,mercearia,MERC,€
329,FeijÃ£o Encarnado Cozido,0.42,0.84,3.23,continete,7,mercearia,MERC,€
401,FeijÃ£o Encarnado Cozido,0.41,1.29,4.96,continete,7,mercearia,MERC,€
875,FeijÃ£o Encarnado Cozido,3.0,3.79,10.11,continete,7,mercearia,MERC,€
1378,FeijÃ£o Encarnado Cozido,0.56,1.99,4.98,continete,7,mercearia,MERC,€
2157,FeijÃ£o Encarnado Cozido,0.38,1.19,4.76,continete,7,mercearia,MERC,€
132,FeijÃ£o Branco Cozido,0.845,1.99,4.23,continete,7,mercearia,MERC,€
135,FeijÃ£o Branco Cozido,0.41,0.99,4.23,continete,7,mercearia,MERC,€
219,FeijÃ£o Branco Cozido,0.54,0.89,2.23,continete,7,mercearia,MERC,€
282,FeijÃ£o Branco Cozido,0.83,1.19,2.29,continete,7,mercearia,MERC,€
496,FeijÃ£o Branco Cozido,0.38,1.19,4.76,continete,7,mercearia,MERC,€
540,FeijÃ£o Branco Cozido,0.42,0.84,3.23,continete,7,mercearia,MERC,€
602,FeijÃ£o Branco Cozido,0.82,2.39,4.6,continete,7,mercearia,MERC,€
1130,FeijÃ£o Branco Cozido,3.0,3.79,10.11,continete,7,mercearia,MERC,€
3443,FeijÃ£o Branco Cozido,0.41,1.29,4.96,continete,7,mercearia,MERC,€
132,FeijÃ£o Branco Cozido,0.845,1.99,4.23,continete,7,mercearia,MERC,€
135,FeijÃ£o Branco Cozido,0.41,0.99,4.23,continete,7,mercearia,MERC,€
219,FeijÃ£o Branco Cozido,0.54,0.89,2.23,continete,7,mercearia,MERC,€
282,FeijÃ£o Branco Cozido,0.83,1.19,2.29,continete,7,mercearia,MERC,€
496,FeijÃ£o Branco Cozido,0.38,1.19,4.76,continete,7,mercearia,MERC,€
540,FeijÃ£o Branco Cozido,0.42,0.84,3.23,continete,7,mercearia,MERC,€
602,FeijÃ£o Branco Cozido,0.82,2.39,4.6,continete,7,mercearia,MERC,€
1130,FeijÃ£o Branco Cozido,3.0,3.79,10.11,continete,7,mercearia,MERC,€
3443,FeijÃ£o Branco Cozido,0.41,1.29,4.96,continete,7,mercearia,MERC,€
119,FeijÃ£o Preto Cozido,0.41,0.99,4.23,continete,7,mercearia,MERC,€
145,FeijÃ£o Preto Cozido,0.82,1.19,2.29,continete,7,mercearia,MERC,€
273,FeijÃ£o Preto Cozido,0.845,1.99,4.25,continete,7,mercearia,MERC,€
274,FeijÃ£o Preto Cozido,0.42,0.84,3.23,continete,7,mercearia,MERC,€
701,FeijÃ£o Preto Cozido,0.82,2.49,4.79,continete,7,mercearia,MERC,€
1590,FeijÃ£o Preto Cozido,0.41,1.39,5.35,continete,7,mercearia,MERC,€
88,FeijÃ£o Frade Cozido,0.41,0.99,4.23,continete,7,mercearia,MERC,€
164,FeijÃ£o Frade Cozido,0.54,0.89,2.23,continete,7,mercearia,MERC,€
182,FeijÃ£o Frade Cozido,0.845,1.99,4.25,continete,7,mercearia,MERC,€
229,FeijÃ£o Frade Cozido,0.41,1.29,4.96,continete,7,mercearia,MERC,€
326,FeijÃ£o Frade Cozido,0.83,1.19,2.29,continete,7,mercearia,MERC,€
414,FeijÃ£o Frade Cozido,0.42,0.84,3.23,continete,7,mercearia,MERC,€
1239,FeijÃ£o Frade Cozido,0.82,2.39,4.6,continete,7,mercearia,MERC,€
88,FeijÃ£o Frade Cozido,0.41,0.99,4.23,continete,7,mercearia,MERC,€
164,FeijÃ£o Frade Cozido,0.54,0.89,2.23,continete,7,mercearia,MERC,€
182,FeijÃ£o Frade Cozido,0.845,1.99,4.25,continete,7,mercearia,MERC,€
229,FeijÃ£o Frade Cozido,0.41,1.29,4.96,continete,7,mercearia,MERC,€
326,FeijÃ£o Frade Cozido,0.83,1.19,2.29,continete,7,mercearia,MERC,€
414,FeijÃ£o Frade Cozido,0.42,0.84,3.23,continete,7,mercearia,MERC,€
1239,FeijÃ£o Frade Cozido,0.82,2.39,4.6,continete,7,mercearia,MERC,€
129,FeijÃ£o Encarnado Cozido,0.41,0.99,4.23,continete,7,mercearia,MERC,€
195,FeijÃ£o Encarnado Cozido,0.54,0.89,2.23,continete,7,mercearia,MERC,€
217,FeijÃ£o Encarnado Cozido,0.83,1.19,2.29,continete,7,mercearia,MERC,€
236,FeijÃ£o Encarnado Cozido,0.845,1.99,4.23,continete,7,mercearia,MERC,€
329,FeijÃ£o Encarnado Cozido,0.42,0.84,3.23,continete,7,mercearia,MERC,€
401,FeijÃ£o Encarnado Cozido,0.41,1.29,4.96,continete,7,mercearia,MERC,€
875,FeijÃ£o Encarnado Cozido,3.0,3.79,10.11,continete,7,mercearia,MERC,€
1378,FeijÃ£o Encarnado Cozido,0.56,1.99,4.98,continete,7,mercearia,MERC,€
2157,FeijÃ£o Encarnado Cozido,0.38,1.19,4.76,continete,7,mercearia,MERC,€
123,FeijÃ£o Manteiga Cozido,0.41,0.99,4.23,continete,7,mercearia,MERC,€
209,FeijÃ£o Manteiga Cozido,0.83,1.19,2.29,continete,7,mercearia,MERC,€
266,FeijÃ£o Manteiga Cozido,0.82,2.39,4.6,continete,7,mercearia,MERC,€
410,FeijÃ£o Manteiga Cozido,0.41,1.29,4.96,continete,7,mercearia,MERC,€
426,FeijÃ£o Manteiga Cozido,0.54,0.89,2.23,continete,7,mercearia,MERC,€
469,FeijÃ£o Manteiga Cozido,0.42,0.84,3.23,continete,7,mercearia,MERC,€
528,FeijÃ£o Manteiga Cozido,0.845,1.99,4.23,continete,7,mercearia,MERC,€
3388,FeijÃ£o Manteiga Cozido,0.56,1.99,4.98,continete,7,mercearia,MERC,€
129,FeijÃ£o Encarnado Cozido,0.41,0.99,4.23,continete,7,mercearia,MERC,€
195,FeijÃ£o Encarnado Cozido,0.54,0.89,2.23,continete,7,mercearia,MERC,€
217,FeijÃ£o Encarnado Cozido,0.83,1.19,2.29,continete,7,mercearia,MERC,€
236,FeijÃ£o Encarnado Cozido,0.845,1.99,4.23,continete,7,mercearia,MERC,€
329,FeijÃ£o Encarnado Cozido,0.42,0.84,3.23,continete,7,mercearia,MERC,€
401,FeijÃ£o Encarnado Cozido,0.41,1.29,4.96,continete,7,mercearia,MERC,€
875,FeijÃ£o Encarnado Cozido,3.0,3.79,10.11,continete,7,mercearia,MERC,€
1378,FeijÃ£o Encarnado Cozido,0.56,1.99,4.98,continete,7,mercearia,MERC,€
2157,FeijÃ£o Encarnado Cozido,0.38,1.19,4.76,continete,7,mercearia,MERC,€
132,FeijÃ£o Branco Cozido,0.845,1.99,4.23,continete,7,mercearia,MERC,€
135,FeijÃ£o Branco Cozido,0.41,0.99,4.23,continete,7,mercearia,MERC,€
219,FeijÃ£o Branco Cozido,0.54,0.89,2.23,continete,7,mercearia,MERC,€
282,FeijÃ£o Branco Cozido,0.83,1.19,2.29,continete,7,mercearia,MERC,€
496,FeijÃ£o Branco Cozido,0.38,1.19,4.76,continete,7,mercearia,MERC,€
540,FeijÃ£o Branco Cozido,0.42,0.84,3.23,continete,7,mercearia,MERC,€
602,FeijÃ£o Branco Cozido,0.82,2.39,4.6,continete,7,mercearia,MERC,€
1130,FeijÃ£o Branco Cozido,3.0,3.79,10.11,continete,7,mercearia,MERC,€
3443,FeijÃ£o Branco Cozido,0.41,1.29,4.96,continete,7,mercearia,MERC,€
88,FeijÃ£o Frade Cozido,0.41,0.99,4.23,continete,7,mercearia,MERC,€
164,FeijÃ£o Frade Cozido,0.54,0.89,2.23,continete,7,mercearia,MERC,€
182,FeijÃ£o Frade Cozido,0.845,1.99,4.25,continete,7,mercearia,MERC,€
229,FeijÃ£o Frade Cozido,0.41,1.29,4.96,continete,7,mercearia,MERC,€
326,FeijÃ£o Frade Cozido,0.83,1.19,2.29,continete,7,mercearia,MERC,€
414,FeijÃ£o Frade Cozido,0.42,0.84,3.23,continete,7,mercearia,MERC,€
1239,FeijÃ£o Frade Cozido,0.82,2.39,4.6,continete,7,mercearia,MERC,€
129,FeijÃ£o Encarnado Cozido,0.41,0.99,4.23,continete,7,mercearia,MERC,€
195,FeijÃ£o Encarnado Cozido,0.54,0.89,2.23,continete,7,mercearia,MERC,€
217,FeijÃ£o Encarnado Cozido,0.83,1.19,2.29,continete,7,mercearia,MERC,€
236,FeijÃ£o Encarnado Cozido,0.845,1.99,4.23,continete,7,mercearia,MERC,€
329,FeijÃ£o Encarnado Cozido,0.42,0.84,3.23,continete,7,mercearia,MERC,€
401,FeijÃ£o Encarnado Cozido,0.41,1.29,4.96,continete,7,mercearia,MERC,€
875,FeijÃ£o Encarnado Cozido,3.0,3.79,10.11,continete,7,mercearia,MERC,€
1378,FeijÃ£o Encarnado Cozido,0.56,1.99,4.98,continete,7,mercearia,MERC,€
2157,FeijÃ£o Encarnado Cozido,0.38,1.19,4.76,continete,7,mercearia,MERC,€
895,GrÃ£o de Bico,0.5,0.93,1.86,continete,8,mercearia,MERC,€
1120,GrÃ£o de Bico,0.5,1.53,3.06,continete,8,mercearia,MERC,€
2449,GrÃ£o de Bico,0.5,3.0,6.0,continete,8,mercearia,MERC,€
7116,GrÃ£o de Bico,0.5,3.0,6.0,continete,8,mercearia,MERC,€
895,GrÃ£o de Bico,0.5,0.93,1.86,continete,8,mercearia,MERC,€
1120,GrÃ£o de Bico,0.5,1.53,3.06,continete,8,mercearia,MERC,€
2449,GrÃ£o de Bico,0.5,3.0,6.0,continete,8,mercearia,MERC,€
7116,GrÃ£o de Bico,0.5,3.0,6.0,continete,8,mercearia,MERC,€
895,GrÃ£o de Bico,0.5,0.93,1.86,continete,8,mercearia,MERC,€
1120,GrÃ£o de Bico,0.5,1.53,3.06,continete,8,mercearia,MERC,€
2449,GrÃ£o de Bico,0.5,3.0,6.0,continete,8,mercearia,MERC,€
7116,GrÃ£o de Bico,0.5,3.0,6.0,continete,8,mercearia,MERC,€
895,GrÃ£o de Bico,0.5,0.93,1.86,continete,8,mercearia,MERC,€
1120,GrÃ£o de Bico,0.5,1.53,3.06,continete,8,mercearia,MERC,€
2449,GrÃ£o de Bico,0.5,3.0,6.0,continete,8,mercearia,MERC,€
7116,GrÃ£o de Bico,0.5,3.0,6.0,continete,8,mercearia,MERC,€
9,Tablete de Chocolate de Leite Extrafino sem GlÃºten,0.27,4.25,15.74,continete,0,mercearia,MERC,€
2977,Tablete de Chocolate de Leite Extrafino sem GlÃºten,0.125,1.64,13.12,continete,0,mercearia,MERC,€
6725,Tablete de Chocolate de Leite Extrafino sem GlÃºten,0.27,4.25,15.74,continete,0,mercearia,MERC,€
7259,Tablete de Chocolate de Leite Extrafino sem GlÃºten,0.125,1.64,13.12,continete,0,mercearia,MERC,€
25,GrÃ£o de Bico Cozido sem GlÃºten,0.41,0.99,4.23,continete,8,mercearia,MERC,€
35,GrÃ£o de Bico Cozido sem GlÃºten,0.54,0.89,2.23,continete,8,mercearia,MERC,€
89,GrÃ£o de Bico Cozido sem GlÃºten,0.845,1.99,4.25,continete,8,mercearia,MERC,€
172,GrÃ£o de Bico Cozido sem GlÃºten,0.82,2.39,4.6,continete,8,mercearia,MERC,€
250,GrÃ£o de Bico Cozido sem GlÃºten,0.41,1.29,4.96,continete,8,mercearia,MERC,€
369,GrÃ£o de Bico Cozido sem GlÃºten,0.54,2.99,5.54,continete,8,mercearia,MERC,€
412,GrÃ£o de Bico Cozido sem GlÃºten,0.56,1.99,4.98,continete,8,mercearia,MERC,€
939,GrÃ£o de Bico Cozido sem GlÃºten,0.38,1.19,4.76,continete,8,mercearia,MERC,€
6082,GrÃ£o de Bico Cozido sem GlÃºten,0.41,0.99,4.23,continete,8,mercearia,MERC,€
6086,GrÃ£o de Bico Cozido sem GlÃºten,0.845,1.99,4.25,continete,8,mercearia,MERC,€
6111,GrÃ£o de Bico Cozido sem GlÃºten,0.54,0.89,2.23,continete,8,mercearia,MERC,€
6125,GrÃ£o de Bico Cozido sem GlÃºten,0.41,1.29,4.96,continete,8,mercearia,MERC,€
6127,GrÃ£o de Bico Cozido sem GlÃºten,0.56,1.99,4.98,continete,8,mercearia,MERC,€
6133,GrÃ£o de Bico Cozido sem GlÃºten,0.82,2.39,4.6,continete,8,mercearia,MERC,€
6238,GrÃ£o de Bico Cozido sem GlÃºten,0.54,2.99,5.54,continete,8,mercearia,MERC,€
6278,GrÃ£o de Bico Cozido sem GlÃºten,0.38,1.19,4.76,continete,8,mercearia,MERC,€
25,GrÃ£o de Bico Cozido sem GlÃºten,0.41,0.99,4.23,continete,8,mercearia,MERC,€
35,GrÃ£o de Bico Cozido sem GlÃºten,0.54,0.89,2.23,continete,8,mercearia,MERC,€
89,GrÃ£o de Bico Cozido sem GlÃºten,0.845,1.99,4.25,continete,8,mercearia,MERC,€
172,GrÃ£o de Bico Cozido sem GlÃºten,0.82,2.39,4.6,continete,8,mercearia,MERC,€
250,GrÃ£o de Bico Cozido sem GlÃºten,0.41,1.29,4.96,continete,8,mercearia,MERC,€
369,GrÃ£o de Bico Cozido sem GlÃºten,0.54,2.99,5.54,continete,8,mercearia,MERC,€
412,GrÃ£o de Bico Cozido sem GlÃºten,0.56,1.99,4.98,continete,8,mercearia,MERC,€
939,GrÃ£o de Bico Cozido sem GlÃºten,0.38,1.19,4.76,continete,8,mercearia,MERC,€
6082,GrÃ£o de Bico Cozido sem GlÃºten,0.41,0.99,4.23,continete,8,mercearia,MERC,€
6086,GrÃ£o de Bico Cozido sem GlÃºten,0.845,1.99,4.25,continete,8,mercearia,MERC,€
6111,GrÃ£o de Bico Cozido sem GlÃºten,0.54,0.89,2.23,continete,8,mercearia,MERC,€
6125,GrÃ£o de Bico Cozido sem GlÃºten,0.41,1.29,4.96,continete,8,mercearia,MERC,€
6127,GrÃ£o de Bico Cozido sem GlÃºten,0.56,1.99,4.98,continete,8,mercearia,MERC,€
6133,GrÃ£o de Bico Cozido sem GlÃºten,0.82,2.39,4.6,continete,8,mercearia,MERC,€
6238,GrÃ£o de Bico Cozido sem GlÃºten,0.54,2.99,5.54,continete,8,mercearia,MERC,€
6278,GrÃ£o de Bico Cozido sem GlÃºten,0.38,1.19,4.76,continete,8,mercearia,MERC,€
25,GrÃ£o de Bico Cozido sem GlÃºten,0.41,0.99,4.23,continete,8,mercearia,MERC,€
35,GrÃ£o de Bico Cozido sem GlÃºten,0.54,0.89,2.23,continete,8,mercearia,MERC,€
89,GrÃ£o de Bico Cozido sem GlÃºten,0.845,1.99,4.25,continete,8,mercearia,MERC,€
172,GrÃ£o de Bico Cozido sem GlÃºten,0.82,2.39,4.6,continete,8,mercearia,MERC,€
250,GrÃ£o de Bico Cozido sem GlÃºten,0.41,1.29,4.96,continete,8,mercearia,MERC,€
369,GrÃ£o de Bico Cozido sem GlÃºten,0.54,2.99,5.54,continete,8,mercearia,MERC,€
412,GrÃ£o de Bico Cozido sem GlÃºten,0.56,1.99,4.98,continete,8,mercearia,MERC,€
939,GrÃ£o de Bico Cozido sem GlÃºten,0.38,1.19,4.76,continete,8,mercearia,MERC,€
6082,GrÃ£o de Bico Cozido sem GlÃºten,0.41,0.99,4.23,continete,8,mercearia,MERC,€
6086,GrÃ£o de Bico Cozido sem GlÃºten,0.845,1.99,4.25,continete,8,mercearia,MERC,€
6111,GrÃ£o de Bico Cozido sem GlÃºten,0.54,0.89,2.23,continete,8,mercearia,MERC,€
6125,GrÃ£o de Bico Cozido sem GlÃºten,0.41,1.29,4.96,continete,8,mercearia,MERC,€
6127,GrÃ£o de Bico Cozido sem GlÃºten,0.56,1.99,4.98,continete,8,mercearia,MERC,€
6133,GrÃ£o de Bico Cozido sem GlÃºten,0.82,2.39,4.6,continete,8,mercearia,MERC,€
6238,GrÃ£o de Bico Cozido sem GlÃºten,0.54,2.99,5.54,continete,8,mercearia,MERC,€
6278,GrÃ£o de Bico Cozido sem GlÃºten,0.38,1.19,4.76,continete,8,mercearia,MERC,€
25,GrÃ£o de Bico Cozido sem GlÃºten,0.41,0.99,4.23,continete,8,mercearia,MERC,€
35,GrÃ£o de Bico Cozido sem GlÃºten,0.54,0.89,2.23,continete,8,mercearia,MERC,€
89,GrÃ£o de Bico Cozido sem GlÃºten,0.845,1.99,4.25,continete,8,mercearia,MERC,€
172,GrÃ£o de Bico Cozido sem GlÃºten,0.82,2.39,4.6,continete,8,mercearia,MERC,€
250,GrÃ£o de Bico Cozido sem GlÃºten,0.41,1.29,4.96,continete,8,mercearia,MERC,€
369,GrÃ£o de Bico Cozido sem GlÃºten,0.54,2.99,5.54,continete,8,mercearia,MERC,€
412,GrÃ£o de Bico Cozido sem GlÃºten,0.56,1.99,4.98,continete,8,mercearia,MERC,€
939,GrÃ£o de Bico Cozido sem GlÃºten,0.38,1.19,4.76,continete,8,mercearia,MERC,€
6082,GrÃ£o de Bico Cozido sem GlÃºten,0.41,0.99,4.23,continete,8,mercearia,MERC,€
6086,GrÃ£o de Bico Cozido sem GlÃºten,0.845,1.99,4.25,continete,8,mercearia,MERC,€
6111,GrÃ£o de Bico Cozido sem GlÃºten,0.54,0.89,2.23,continete,8,mercearia,MERC,€
6125,GrÃ£o de Bico Cozido sem GlÃºten,0.41,1.29,4.96,continete,8,mercearia,MERC,€
6127,GrÃ£o de Bico Cozido sem GlÃºten,0.56,1.99,4.98,continete,8,mercearia,MERC,€
6133,GrÃ£o de Bico Cozido sem GlÃºten,0.82,2.39,4.6,continete,8,mercearia,MERC,€
6238,GrÃ£o de Bico Cozido sem GlÃºten,0.54,2.99,5.54,continete,8,mercearia,MERC,€
6278,GrÃ£o de Bico Cozido sem GlÃºten,0.38,1.19,4.76,continete,8,mercearia,MERC,€
180,Atum em Posta em Ã“leo de Girassol,0.12,1.5,19.23,continete,12,mercearia,MERC,€
192,Bolachas Cobertas Chocolate de Leite,0.15,1.29,8.6,continete,0,mercearia,MERC,€
193,Filete de Cavala em Azeite,0.15,1.49,17.53,continete,14,mercearia,MERC,€
1295,Filete de Cavala em Azeite,0.12,1.74,19.33,continete,14,mercearia,MERC,€
2936,Filete de Cavala em Azeite,0.12,3.29,42.18,continete,14,mercearia,MERC,€
226,"Saqueta de Fruta MaÃ§Ã£, Pera e Cenoura +8M",0.09,0.74,8.22,continete,20,mercearia,MERC,€
25,GrÃ£o de Bico Cozido sem GlÃºten,0.41,0.99,4.23,continete,8,mercearia,MERC,€
35,GrÃ£o de Bico Cozido sem GlÃºten,0.54,0.89,2.23,continete,8,mercearia,MERC,€
89,GrÃ£o de Bico Cozido sem GlÃºten,0.845,1.99,4.25,continete,8,mercearia,MERC,€
172,GrÃ£o de Bico Cozido sem GlÃºten,0.82,2.39,4.6,continete,8,mercearia,MERC,€
250,GrÃ£o de Bico Cozido sem GlÃºten,0.41,1.29,4.96,continete,8,mercearia,MERC,€
369,GrÃ£o de Bico Cozido sem GlÃºten,0.54,2.99,5.54,continete,8,mercearia,MERC,€
412,GrÃ£o de Bico Cozido sem GlÃºten,0.56,1.99,4.98,continete,8,mercearia,MERC,€
939,GrÃ£o de Bico Cozido sem GlÃºten,0.38,1.19,4.76,continete,8,mercearia,MERC,€
6082,GrÃ£o de Bico Cozido sem GlÃºten,0.41,0.99,4.23,continete,8,mercearia,MERC,€
6086,GrÃ£o de Bico Cozido sem GlÃºten,0.845,1.99,4.25,continete,8,mercearia,MERC,€
6111,GrÃ£o de Bico Cozido sem GlÃºten,0.54,0.89,2.23,continete,8,mercearia,MERC,€
6125,GrÃ£o de Bico Cozido sem GlÃºten,0.41,1.29,4.96,continete,8,mercearia,MERC,€
6127,GrÃ£o de Bico Cozido sem GlÃºten,0.56,1.99,4.98,continete,8,mercearia,MERC,€
6133,GrÃ£o de Bico Cozido sem GlÃºten,0.82,2.39,4.6,continete,8,mercearia,MERC,€
6238,GrÃ£o de Bico Cozido sem GlÃºten,0.54,2.99,5.54,continete,8,mercearia,MERC,€
6278,GrÃ£o de Bico Cozido sem GlÃºten,0.38,1.19,4.76,continete,8,mercearia,MERC,€
260,Polpa de Tomate com Cebola e Alho,0.5,1.29,2.58,continete,15,mercearia,MERC,€
511,Polpa de Tomate com Cebola e Alho,0.5,1.39,2.78,continete,15,mercearia,MERC,€
1901,Polpa de Tomate com Cebola e Alho,0.5,2.39,4.78,continete,15,mercearia,MERC,€
2928,Ervilhas,0.249,1.25,8.93,continete,9,mercearia,MERC,€
10898,Ervilhas,0.7,2.82,4.03,continete,9,congelados,CONGE,€
10938,Ervilhas,1.0,1.31,1.31,continete,9,congelados,CONGE,€
10944,Ervilhas,0.75,2.32,3.09,continete,9,congelados,CONGE,€
11080,Ervilhas,0.4,2.05,5.13,continete,9,congelados,CONGE,€
11499,Ervilhas,0.3,1.87,6.23,continete,9,congelados,CONGE,€
11515,Ervilhas,1.0,1.31,1.31,continete,9,congelados,CONGE,€
2928,Ervilhas,0.249,1.25,8.93,continete,9,mercearia,MERC,€
10898,Ervilhas,0.7,2.82,4.03,continete,9,congelados,CONGE,€
10938,Ervilhas,1.0,1.31,1.31,continete,9,congelados,CONGE,€
10944,Ervilhas,0.75,2.32,3.09,continete,9,congelados,CONGE,€
11080,Ervilhas,0.4,2.05,5.13,continete,9,congelados,CONGE,€
11499,Ervilhas,0.3,1.87,6.23,continete,9,congelados,CONGE,€
11515,Ervilhas,1.0,1.31,1.31,continete,9,congelados,CONGE,€
2928,Ervilhas,0.249,1.25,8.93,continete,9,mercearia,MERC,€
10898,Ervilhas,0.7,2.82,4.03,continete,9,congelados,CONGE,€
10938,Ervilhas,1.0,1.31,1.31,continete,9,congelados,CONGE,€
10944,Ervilhas,0.75,2.32,3.09,continete,9,congelados,CONGE,€
11080,Ervilhas,0.4,2.05,5.13,continete,9,congelados,CONGE,€
11499,Ervilhas,0.3,1.87,6.23,continete,9,congelados,CONGE,€
11515,Ervilhas,1.0,1.31,1.31,continete,9,congelados,CONGE,€
2928,Ervilhas,0.249,1.25,8.93,continete,9,mercearia,MERC,€
10898,Ervilhas,0.7,2.82,4.03,continete,9,congelados,CONGE,€
10938,Ervilhas,1.0,1.31,1.31,continete,9,congelados,CONGE,€
10944,Ervilhas,0.75,2.32,3.09,continete,9,congelados,CONGE,€
11080,Ervilhas,0.4,2.05,5.13,continete,9,congelados,CONGE,€
11499,Ervilhas,0.3,1.87,6.23,continete,9,congelados,CONGE,€
11515,Ervilhas,1.0,1.31,1.31,continete,9,congelados,CONGE,€
2928,Ervilhas,0.249,1.25,8.93,continete,9,mercearia,MERC,€
10898,Ervilhas,0.7,2.82,4.03,continete,9,congelados,CONGE,€
10938,Ervilhas,1.0,1.31,1.31,continete,9,congelados,CONGE,€
10944,Ervilhas,0.75,2.32,3.09,continete,9,congelados,CONGE,€
11080,Ervilhas,0.4,2.05,5.13,continete,9,congelados,CONGE,€
11499,Ervilhas,0.3,1.87,6.23,continete,9,congelados,CONGE,€
11515,Ervilhas,1.0,1.31,1.31,continete,9,congelados,CONGE,€
2928,Ervilhas,0.249,1.25,8.93,continete,9,mercearia,MERC,€
10898,Ervilhas,0.7,2.82,4.03,continete,9,congelados,CONGE,€
10938,Ervilhas,1.0,1.31,1.31,continete,9,congelados,CONGE,€
10944,Ervilhas,0.75,2.32,3.09,continete,9,congelados,CONGE,€
11080,Ervilhas,0.4,2.05,5.13,continete,9,congelados,CONGE,€
11499,Ervilhas,0.3,1.87,6.23,continete,9,congelados,CONGE,€
11515,Ervilhas,1.0,1.31,1.31,continete,9,congelados,CONGE,€
2928,Ervilhas,0.249,1.25,8.93,continete,9,mercearia,MERC,€
10898,Ervilhas,0.7,2.82,4.03,continete,9,congelados,CONGE,€
10938,Ervilhas,1.0,1.31,1.31,continete,9,congelados,CONGE,€
10944,Ervilhas,0.75,2.32,3.09,continete,9,congelados,CONGE,€
11080,Ervilhas,0.4,2.05,5.13,continete,9,congelados,CONGE,€
11499,Ervilhas,0.3,1.87,6.23,continete,9,congelados,CONGE,€
11515,Ervilhas,1.0,1.31,1.31,continete,9,congelados,CONGE,€
416,Ervilhas com Cenoura sem GlÃºten,0.41,1.49,6.37,continete,9,mercearia,MERC,€
6567,Ervilhas com Cenoura sem GlÃºten,0.41,1.49,6.37,continete,9,mercearia,MERC,€
442,Salsichas de Frango Cuida-t+ Lata 8 un,0.35,2.19,13.69,continete,10,mercearia,MERC,€
526,Ervilhas Cozidas sem GlÃºten,0.41,0.99,4.23,continete,9,mercearia,MERC,€
1243,Ervilhas Cozidas sem GlÃºten,0.42,0.79,3.04,continete,9,mercearia,MERC,€
6228,Ervilhas Cozidas sem GlÃºten,0.41,0.99,4.23,continete,9,mercearia,MERC,€
6384,Ervilhas Cozidas sem GlÃºten,0.42,0.79,3.04,continete,9,mercearia,MERC,€
526,Ervilhas Cozidas sem GlÃºten,0.41,0.99,4.23,continete,9,mercearia,MERC,€
1243,Ervilhas Cozidas sem GlÃºten,0.42,0.79,3.04,continete,9,mercearia,MERC,€
6228,Ervilhas Cozidas sem GlÃºten,0.41,0.99,4.23,continete,9,mercearia,MERC,€
6384,Ervilhas Cozidas sem GlÃºten,0.42,0.79,3.04,continete,9,mercearia,MERC,€
1319,Ervilhas e Cenouras sem GlÃºten,0.6,3.89,9.97,continete,9,mercearia,MERC,€
6232,Ervilhas e Cenouras sem GlÃºten,0.6,3.89,9.97,continete,9,mercearia,MERC,€
1324,Ervilhas Cozidas Lata sem GlÃºten,0.85,1.39,2.67,continete,9,mercearia,MERC,€
6487,Ervilhas Cozidas Lata sem GlÃºten,0.85,1.39,2.67,continete,9,mercearia,MERC,€
3589,Ervilhas Frasco sem GlÃºten,0.345,1.59,7.57,continete,9,mercearia,MERC,€
7568,Ervilhas Frasco sem GlÃºten,0.345,1.59,7.57,continete,9,mercearia,MERC,€
4461,Azeite Virgem Extra Reserva Lata,0.5,4.42,8.84,continete,22,mercearia,MERC,€
10274,Frango Inteiro,1.5,2.34,3.51,continete,10,peixaria_talho,PETA,€
10296,Frango Inteiro,2.8,2.34,6.55,continete,10,peixaria_talho,PETA,€
10274,Frango Inteiro,1.5,2.34,3.51,continete,10,peixaria_talho,PETA,€
10296,Frango Inteiro,2.8,2.34,6.55,continete,10,peixaria_talho,PETA,€
442,Salsichas de Frango Cuida-t+ Lata 8 un,0.35,2.19,13.69,continete,10,mercearia,MERC,€
1086,Salsichas de Frango Cuida-t+ Frasco 4 un,0.43,2.99,14.24,continete,10,mercearia,MERC,€
1486,"RefeiÃ§Ã£o para BebÃ© Legumes, Frango e Arroz +6M",0.19,1.99,10.47,continete,2,mercearia,MERC,€
2010,Molho Suculento Frango no Forno Ã  ProvenÃ§al com Ervas AromÃ¡ticas em Saqueta,0.028,1.19,42.5,continete,10,mercearia,MERC,€
2027,Arroz de Frango e Cogumelos Pot Pronto a Comer,0.075,1.99,26.53,continete,2,mercearia,MERC,€
2244,PatÃª de Frango,0.125,1.19,9.52,continete,10,mercearia,MERC,€
2303,RefeiÃ§Ã£o para BebÃ© Arroz de Tomate e Frango +6M,0.2,2.22,11.1,continete,2,mercearia,MERC,€
2382,Especiarias para Frango no Forno em Frasco,0.073,2.16,29.59,continete,10,mercearia,MERC,€
2585,Molho Suculento Frango Campestre no Forno com Alho e Cebola em Saqueta,0.03,1.19,33.06,continete,10,mercearia,MERC,€
2639,"RefeiÃ§Ã£o para BebÃ© Ervilha, Batata e Frango +6M",0.19,2.69,14.16,continete,9,mercearia,MERC,€
2737,Tempero para Frango de Alho e Cebola,0.036,0.99,27.5,continete,10,mercearia,MERC,€
2748,Tempero para Frango de Ervas AromÃ¡ticas,0.034,0.99,29.12,continete,10,mercearia,MERC,€
3124,Molho Suculento Frango no Forno Barbecue em Saqueta,0.032,1.19,37.19,continete,10,mercearia,MERC,€
6562,Barrinhas de Pescada sem GlÃºten,0.3,2.82,9.4,continete,11,mercearia,MERC,€
11013,Barrinhas de Pescada sem GlÃºten,0.3,2.82,9.4,continete,11,congelados,CONGE,€
6593,Barrinhas de Pescada com LimÃ£o sem GlÃºten,0.3,5.65,18.83,continete,11,mercearia,MERC,€
11077,Barrinhas de Pescada com LimÃ£o sem GlÃºten,0.3,5.65,18.83,continete,11,congelados,CONGE,€
6794,Filetes de Pescada sem GlÃºten,0.32,5.83,18.22,continete,11,mercearia,MERC,€
10880,Filetes de Pescada sem GlÃºten,0.32,5.83,18.22,continete,11,congelados,CONGE,€
10259,MedalhÃµes de Pescada do Cabo Ultracongelados,1.0,11.99,11.99,continete,11,peixaria_talho,PETA,€
10367,MedalhÃµes de Pescada do Cabo Ultracongelados,0.4,3.48,8.7,continete,11,peixaria_talho,PETA,€
11153,MedalhÃµes de Pescada do Cabo Ultracongelados,0.4,3.48,8.7,continete,11,congelados,CONGE,€
10267,Filetes de Pescada Congelados,1.0,6.79,6.79,continete,11,peixaria_talho,PETA,€
11081,Filetes de Pescada Congelados,1.0,6.79,6.79,continete,11,congelados,CONGE,€
10277,Mimos de Pescada Ultracongelada,0.36,3.29,9.14,continete,11,peixaria_talho,PETA,€
11122,Mimos de Pescada Ultracongelada,0.36,3.29,9.14,continete,11,congelados,CONGE,€
10289,Mimos de Pescada do Cabo Ultracongelados,1.0,9.42,9.42,continete,11,peixaria_talho,PETA,€
11011,Mimos de Pescada do Cabo Ultracongelados,1.0,9.42,9.42,continete,11,congelados,CONGE,€
10302,Lombos de Pescada do Cabo Ultracongelados,0.4,3.76,9.4,continete,11,peixaria_talho,PETA,€
11377,Lombos de Pescada do Cabo Ultracongelados,0.4,3.76,9.4,continete,11,congelados,CONGE,€
10311,Filetes de Pescada do Cabo Ultracongelados,0.4,3.57,8.92,continete,11,peixaria_talho,PETA,€
10495,Filetes de Pescada do Cabo Ultracongelados,0.4,4.7,11.75,continete,11,peixaria_talho,PETA,€
10317,Pescada MÃ©dia do Cabo MSC para Cozer Ultracongelada,0.6,3.76,6.27,continete,11,peixaria_talho,PETA,€
10974,Pescada MÃ©dia do Cabo MSC para Cozer Ultracongelada,0.6,3.76,6.27,continete,11,congelados,CONGE,€
10330,Perninha de Frango Congelada,1.0,3.76,3.76,continete,10,peixaria_talho,PETA,€
10337,Pescada Grande do Cabo MSC para Cozer Ultracongelada,0.8,5.65,7.06,continete,11,peixaria_talho,PETA,€
10928,Pescada Grande do Cabo MSC para Cozer Ultracongelada,0.8,5.65,7.06,continete,11,congelados,CONGE,€
10343,MedalhÃµes de Pescada do Cabo MSC Ultracongelada,1.0,8.66,8.66,continete,11,peixaria_talho,PETA,€
10351,MedalhÃµes de Pescada do Cabo Ultracongelada,0.36,3.49,9.69,continete,11,peixaria_talho,PETA,€
10480,MedalhÃµes de Pescada do Cabo Ultracongelada,2.0,23.57,11.79,continete,11,peixaria_talho,PETA,€
10555,MedalhÃµes de Pescada do Cabo Ultracongelada,1.1,10.29,9.35,continete,11,peixaria_talho,PETA,€
10652,MedalhÃµes de Pescada do Cabo Ultracongelada,0.5,4.69,9.38,continete,11,peixaria_talho,PETA,€
10937,MedalhÃµes de Pescada do Cabo Ultracongelada,0.36,3.49,9.69,continete,11,congelados,CONGE,€
11374,MedalhÃµes de Pescada do Cabo Ultracongelada,2.0,23.57,11.79,continete,11,congelados,CONGE,€
11426,MedalhÃµes de Pescada do Cabo Ultracongelada,0.5,4.69,9.38,continete,11,congelados,CONGE,€
11534,MedalhÃµes de Pescada do Cabo Ultracongelada,1.1,10.29,9.35,continete,11,congelados,CONGE,€
10360,MedalhÃµes de Pescada sem Pele Ultracongelada,0.4,4.61,11.53,continete,11,peixaria_talho,PETA,€
10936,MedalhÃµes de Pescada sem Pele Ultracongelada,0.4,4.61,11.53,continete,11,congelados,CONGE,€
0,Atum em Azeite,0.12,1.22,14.19,continete,12,mercearia,MERC,€
36,Atum em Azeite,0.12,1.02,12.0,continete,12,mercearia,MERC,€
888,Atum em Azeite,0.385,2.82,11.28,continete,12,mercearia,MERC,€
2,Atum Filetes em Azeite,0.12,2.53,32.44,continete,12,mercearia,MERC,€
7,Atum ao Natural,0.12,1.12,13.33,continete,12,mercearia,MERC,€
63,Atum ao Natural,0.385,2.53,9.37,continete,12,mercearia,MERC,€
138,Atum ao Natural,0.11,0.83,10.78,continete,12,mercearia,MERC,€
1079,Atum ao Natural,0.385,2.59,9.59,continete,12,mercearia,MERC,€
10,Atum Posta em Azeite,0.12,1.78,22.82,continete,12,mercearia,MERC,€
69,Atum Posta em Azeite,0.12,2.06,26.41,continete,12,mercearia,MERC,€
72,Atum Posta em Azeite,0.12,1.02,12.0,continete,12,mercearia,MERC,€
84,Atum Posta em Azeite,0.385,5.36,21.35,continete,12,mercearia,MERC,€
165,Atum Posta em Azeite,0.12,1.03,13.21,continete,12,mercearia,MERC,€
196,Atum Posta em Azeite,0.2,2.94,22.62,continete,12,mercearia,MERC,€
277,Atum Posta em Azeite,0.385,3.29,13.16,continete,12,mercearia,MERC,€
327,Atum Posta em Azeite,0.385,3.76,15.04,continete,12,mercearia,MERC,€
385,Atum Posta em Azeite,0.11,1.02,14.17,continete,12,mercearia,MERC,€
1189,Atum Posta em Azeite,0.12,1.64,21.03,continete,12,mercearia,MERC,€
1519,Atum Posta em Azeite,0.12,1.4,17.95,continete,12,mercearia,MERC,€
7282,Atum Posta em Azeite,0.12,1.4,17.95,continete,12,mercearia,MERC,€
29,Atum Posta ao Natural,0.12,0.93,10.94,continete,12,mercearia,MERC,€
44,Atum Posta ao Natural,0.12,1.78,21.19,continete,12,mercearia,MERC,€
48,Atum Posta ao Natural,0.12,0.93,10.94,continete,12,mercearia,MERC,€
371,Atum Posta ao Natural,0.385,2.82,14.1,continete,12,mercearia,MERC,€
387,Atum Posta ao Natural,0.12,0.93,11.07,continete,12,mercearia,MERC,€
415,Atum Posta ao Natural,0.2,2.94,21.0,continete,12,mercearia,MERC,€
449,Atum Posta ao Natural,0.12,1.87,22.26,continete,12,mercearia,MERC,€
756,Atum Posta ao Natural,0.12,1.36,16.19,continete,12,mercearia,MERC,€
799,Atum Posta ao Natural,0.385,5.36,19.85,continete,12,mercearia,MERC,€
1993,Atum Posta ao Natural,0.385,3.29,12.19,continete,12,mercearia,MERC,€
0,Atum em Azeite,0.12,1.22,14.19,continete,12,mercearia,MERC,€
36,Atum em Azeite,0.12,1.02,12.0,continete,12,mercearia,MERC,€
888,Atum em Azeite,0.385,2.82,11.28,continete,12,mercearia,MERC,€
29,Atum Posta ao Natural,0.12,0.93,10.94,continete,12,mercearia,MERC,€
44,Atum Posta ao Natural,0.12,1.78,21.19,continete,12,mercearia,MERC,€
48,Atum Posta ao Natural,0.12,0.93,10.94,continete,12,mercearia,MERC,€
371,Atum Posta ao Natural,0.385,2.82,14.1,continete,12,mercearia,MERC,€
387,Atum Posta ao Natural,0.12,0.93,11.07,continete,12,mercearia,MERC,€
415,Atum Posta ao Natural,0.2,2.94,21.0,continete,12,mercearia,MERC,€
449,Atum Posta ao Natural,0.12,1.87,22.26,continete,12,mercearia,MERC,€
756,Atum Posta ao Natural,0.12,1.36,16.19,continete,12,mercearia,MERC,€
799,Atum Posta ao Natural,0.385,5.36,19.85,continete,12,mercearia,MERC,€
1993,Atum Posta ao Natural,0.385,3.29,12.19,continete,12,mercearia,MERC,€
29,Atum Posta ao Natural,0.12,0.93,10.94,continete,12,mercearia,MERC,€
44,Atum Posta ao Natural,0.12,1.78,21.19,continete,12,mercearia,MERC,€
48,Atum Posta ao Natural,0.12,0.93,10.94,continete,12,mercearia,MERC,€
371,Atum Posta ao Natural,0.385,2.82,14.1,continete,12,mercearia,MERC,€
387,Atum Posta ao Natural,0.12,0.93,11.07,continete,12,mercearia,MERC,€
415,Atum Posta ao Natural,0.2,2.94,21.0,continete,12,mercearia,MERC,€
449,Atum Posta ao Natural,0.12,1.87,22.26,continete,12,mercearia,MERC,€
756,Atum Posta ao Natural,0.12,1.36,16.19,continete,12,mercearia,MERC,€
799,Atum Posta ao Natural,0.385,5.36,19.85,continete,12,mercearia,MERC,€
1993,Atum Posta ao Natural,0.385,3.29,12.19,continete,12,mercearia,MERC,€
53,Atum Posta em Ã“leo sem GlÃºten,0.12,1.18,15.13,continete,12,mercearia,MERC,€
7,Atum ao Natural,0.12,1.12,13.33,continete,12,mercearia,MERC,€
63,Atum ao Natural,0.385,2.53,9.37,continete,12,mercearia,MERC,€
138,Atum ao Natural,0.11,0.83,10.78,continete,12,mercearia,MERC,€
1079,Atum ao Natural,0.385,2.59,9.59,continete,12,mercearia,MERC,€
10,Atum Posta em Azeite,0.12,1.78,22.82,continete,12,mercearia,MERC,€
69,Atum Posta em Azeite,0.12,2.06,26.41,continete,12,mercearia,MERC,€
72,Atum Posta em Azeite,0.12,1.02,12.0,continete,12,mercearia,MERC,€
84,Atum Posta em Azeite,0.385,5.36,21.35,continete,12,mercearia,MERC,€
165,Atum Posta em Azeite,0.12,1.03,13.21,continete,12,mercearia,MERC,€
196,Atum Posta em Azeite,0.2,2.94,22.62,continete,12,mercearia,MERC,€
277,Atum Posta em Azeite,0.385,3.29,13.16,continete,12,mercearia,MERC,€
327,Atum Posta em Azeite,0.385,3.76,15.04,continete,12,mercearia,MERC,€
385,Atum Posta em Azeite,0.11,1.02,14.17,continete,12,mercearia,MERC,€
1189,Atum Posta em Azeite,0.12,1.64,21.03,continete,12,mercearia,MERC,€
1519,Atum Posta em Azeite,0.12,1.4,17.95,continete,12,mercearia,MERC,€
7282,Atum Posta em Azeite,0.12,1.4,17.95,continete,12,mercearia,MERC,€
10,Atum Posta em Azeite,0.12,1.78,22.82,continete,12,mercearia,MERC,€
69,Atum Posta em Azeite,0.12,2.06,26.41,continete,12,mercearia,MERC,€
72,Atum Posta em Azeite,0.12,1.02,12.0,continete,12,mercearia,MERC,€
84,Atum Posta em Azeite,0.385,5.36,21.35,continete,12,mercearia,MERC,€
165,Atum Posta em Azeite,0.12,1.03,13.21,continete,12,mercearia,MERC,€
196,Atum Posta em Azeite,0.2,2.94,22.62,continete,12,mercearia,MERC,€
277,Atum Posta em Azeite,0.385,3.29,13.16,continete,12,mercearia,MERC,€
327,Atum Posta em Azeite,0.385,3.76,15.04,continete,12,mercearia,MERC,€
385,Atum Posta em Azeite,0.11,1.02,14.17,continete,12,mercearia,MERC,€
1189,Atum Posta em Azeite,0.12,1.64,21.03,continete,12,mercearia,MERC,€
1519,Atum Posta em Azeite,0.12,1.4,17.95,continete,12,mercearia,MERC,€
7282,Atum Posta em Azeite,0.12,1.4,17.95,continete,12,mercearia,MERC,€
10,Atum Posta em Azeite,0.12,1.78,22.82,continete,12,mercearia,MERC,€
69,Atum Posta em Azeite,0.12,2.06,26.41,continete,12,mercearia,MERC,€
72,Atum Posta em Azeite,0.12,1.02,12.0,continete,12,mercearia,MERC,€
84,Atum Posta em Azeite,0.385,5.36,21.35,continete,12,mercearia,MERC,€
165,Atum Posta em Azeite,0.12,1.03,13.21,continete,12,mercearia,MERC,€
196,Atum Posta em Azeite,0.2,2.94,22.62,continete,12,mercearia,MERC,€
277,Atum Posta em Azeite,0.385,3.29,13.16,continete,12,mercearia,MERC,€
327,Atum Posta em Azeite,0.385,3.76,15.04,continete,12,mercearia,MERC,€
385,Atum Posta em Azeite,0.11,1.02,14.17,continete,12,mercearia,MERC,€
1189,Atum Posta em Azeite,0.12,1.64,21.03,continete,12,mercearia,MERC,€
1519,Atum Posta em Azeite,0.12,1.4,17.95,continete,12,mercearia,MERC,€
7282,Atum Posta em Azeite,0.12,1.4,17.95,continete,12,mercearia,MERC,€
7,Atum ao Natural,0.12,1.12,13.33,continete,12,mercearia,MERC,€
63,Atum ao Natural,0.385,2.53,9.37,continete,12,mercearia,MERC,€
138,Atum ao Natural,0.11,0.83,10.78,continete,12,mercearia,MERC,€
1079,Atum ao Natural,0.385,2.59,9.59,continete,12,mercearia,MERC,€
163,Filete Atum em Azeite BiolÃ³gico,0.12,2.72,34.87,continete,12,mercearia,MERC,€
6165,Filete Atum em Azeite BiolÃ³gico,0.12,2.72,34.87,continete,12,mercearia,MERC,€
479,Sardinha em Tomate com Picante,0.12,0.79,9.29,continete,13,mercearia,MERC,€
545,PatÃª de Sardinha,0.088,2.09,23.75,continete,13,mercearia,MERC,€
997,PatÃª de Sardinha,0.075,1.96,26.13,continete,13,mercearia,MERC,€
1055,PatÃª de Sardinha,4.0,1.39,15.8,continete,13,mercearia,MERC,€
2023,PatÃª de Sardinha,0.065,0.79,12.15,continete,13,mercearia,MERC,€
2523,PatÃª de Sardinha,0.075,1.65,22.0,continete,13,mercearia,MERC,€
4168,PatÃª de Sardinha,0.065,0.99,15.23,continete,13,mercearia,MERC,€
642,Sardinha em Tomate,0.12,0.74,9.49,continete,13,mercearia,MERC,€
905,Sardinha em Tomate,0.12,1.09,12.11,continete,13,mercearia,MERC,€
1450,Sardinha em Tomate,0.12,1.42,18.21,continete,13,mercearia,MERC,€
1884,Sardinha em Tomate,0.125,1.04,8.32,continete,13,mercearia,MERC,€
2264,Sardinha em Tomate,0.12,0.89,10.47,continete,13,mercearia,MERC,€
3448,Sardinha em Tomate,0.12,1.99,23.69,continete,13,mercearia,MERC,€
7356,Sardinha em Tomate,0.12,1.99,23.69,continete,13,mercearia,MERC,€
742,Sardinha em Azeite,0.12,1.99,23.69,continete,13,mercearia,MERC,€
868,Sardinha em Azeite,0.12,1.52,18.1,continete,13,mercearia,MERC,€
1031,Sardinha em Azeite,0.12,0.99,11.65,continete,13,mercearia,MERC,€
6718,Sardinha em Azeite,0.12,1.99,23.69,continete,13,mercearia,MERC,€
797,Sardinha Inteira em Tomate,0.12,0.79,9.29,continete,13,mercearia,MERC,€
833,Sardinha sem Pele e sem Espinha em Azeite,0.12,1.69,19.88,continete,13,mercearia,MERC,€
742,Sardinha em Azeite,0.12,1.99,23.69,continete,13,mercearia,MERC,€
868,Sardinha em Azeite,0.12,1.52,18.1,continete,13,mercearia,MERC,€
1031,Sardinha em Azeite,0.12,0.99,11.65,continete,13,mercearia,MERC,€
6718,Sardinha em Azeite,0.12,1.99,23.69,continete,13,mercearia,MERC,€
884,Sardinha em Tomate Picante,0.12,0.89,10.47,continete,13,mercearia,MERC,€
1098,Sardinha em Tomate Picante,0.12,1.42,18.21,continete,13,mercearia,MERC,€
1158,Sardinha em Tomate Picante,0.125,1.04,8.32,continete,13,mercearia,MERC,€
2274,Sardinha em Tomate Picante,0.12,1.09,12.11,continete,13,mercearia,MERC,€
642,Sardinha em Tomate,0.12,0.74,9.49,continete,13,mercearia,MERC,€
905,Sardinha em Tomate,0.12,1.09,12.11,continete,13,mercearia,MERC,€
1450,Sardinha em Tomate,0.12,1.42,18.21,continete,13,mercearia,MERC,€
1884,Sardinha em Tomate,0.125,1.04,8.32,continete,13,mercearia,MERC,€
2264,Sardinha em Tomate,0.12,0.89,10.47,continete,13,mercearia,MERC,€
3448,Sardinha em Tomate,0.12,1.99,23.69,continete,13,mercearia,MERC,€
7356,Sardinha em Tomate,0.12,1.99,23.69,continete,13,mercearia,MERC,€
545,PatÃª de Sardinha,0.088,2.09,23.75,continete,13,mercearia,MERC,€
997,PatÃª de Sardinha,0.075,1.96,26.13,continete,13,mercearia,MERC,€
1055,PatÃª de Sardinha,4.0,1.39,15.8,continete,13,mercearia,MERC,€
2023,PatÃª de Sardinha,0.065,0.79,12.15,continete,13,mercearia,MERC,€
2523,PatÃª de Sardinha,0.075,1.65,22.0,continete,13,mercearia,MERC,€
4168,PatÃª de Sardinha,0.065,0.99,15.23,continete,13,mercearia,MERC,€
742,Sardinha em Azeite,0.12,1.99,23.69,continete,13,mercearia,MERC,€
868,Sardinha em Azeite,0.12,1.52,18.1,continete,13,mercearia,MERC,€
1031,Sardinha em Azeite,0.12,0.99,11.65,continete,13,mercearia,MERC,€
6718,Sardinha em Azeite,0.12,1.99,23.69,continete,13,mercearia,MERC,€
1051,Sardinha Inteira em Azeite Refinado,0.12,0.89,10.47,continete,13,mercearia,MERC,€
545,PatÃª de Sardinha,0.088,2.09,23.75,continete,13,mercearia,MERC,€
997,PatÃª de Sardinha,0.075,1.96,26.13,continete,13,mercearia,MERC,€
1055,PatÃª de Sardinha,4.0,1.39,15.8,continete,13,mercearia,MERC,€
2023,PatÃª de Sardinha,0.065,0.79,12.15,continete,13,mercearia,MERC,€
2523,PatÃª de Sardinha,0.075,1.65,22.0,continete,13,mercearia,MERC,€
4168,PatÃª de Sardinha,0.065,0.99,15.23,continete,13,mercearia,MERC,€
1091,Sardinha sem Pele e sem Espinha em Tomate,0.12,1.69,19.88,continete,13,mercearia,MERC,€
884,Sardinha em Tomate Picante,0.12,0.89,10.47,continete,13,mercearia,MERC,€
1098,Sardinha em Tomate Picante,0.12,1.42,18.21,continete,13,mercearia,MERC,€
1158,Sardinha em Tomate Picante,0.125,1.04,8.32,continete,13,mercearia,MERC,€
2274,Sardinha em Tomate Picante,0.12,1.09,12.11,continete,13,mercearia,MERC,€
193,Filete de Cavala em Azeite,0.15,1.49,17.53,continete,14,mercearia,MERC,€
1295,Filete de Cavala em Azeite,0.12,1.74,19.33,continete,14,mercearia,MERC,€
2936,Filete de Cavala em Azeite,0.12,3.29,42.18,continete,14,mercearia,MERC,€
442,Salsichas de Frango Cuida-t+ Lata 8 un,0.35,2.19,13.69,continete,10,mercearia,MERC,€
678,Filete de Cavala em Ã“leo,0.12,2.55,32.69,continete,14,mercearia,MERC,€
3792,Filete de Cavala em Ã“leo,0.15,1.49,17.53,continete,14,mercearia,MERC,€
4894,Filete de Cavala em Ã“leo,0.155,1.54,18.12,continete,14,mercearia,MERC,€
741,Cavala em Tomate Picante,0.12,0.89,9.89,continete,14,mercearia,MERC,€
1251,Cavala Inteira em Tomate,0.12,0.89,9.89,continete,14,mercearia,MERC,€
193,Filete de Cavala em Azeite,0.15,1.49,17.53,continete,14,mercearia,MERC,€
1295,Filete de Cavala em Azeite,0.12,1.74,19.33,continete,14,mercearia,MERC,€
2936,Filete de Cavala em Azeite,0.12,3.29,42.18,continete,14,mercearia,MERC,€
1324,Ervilhas Cozidas Lata sem GlÃºten,0.85,1.39,2.67,continete,9,mercearia,MERC,€
6487,Ervilhas Cozidas Lata sem GlÃºten,0.85,1.39,2.67,continete,9,mercearia,MERC,€
1878,Filete de Cavala ao Natural,0.12,1.39,15.44,continete,14,mercearia,MERC,€
193,Filete de Cavala em Azeite,0.15,1.49,17.53,continete,14,mercearia,MERC,€
1295,Filete de Cavala em Azeite,0.12,1.74,19.33,continete,14,mercearia,MERC,€
2936,Filete de Cavala em Azeite,0.12,3.29,42.18,continete,14,mercearia,MERC,€
678,Filete de Cavala em Ã“leo,0.12,2.55,32.69,continete,14,mercearia,MERC,€
3792,Filete de Cavala em Ã“leo,0.15,1.49,17.53,continete,14,mercearia,MERC,€
4894,Filete de Cavala em Ã“leo,0.155,1.54,18.12,continete,14,mercearia,MERC,€
4248,Filetes de Cavala em Azeite BiolÃ³gico,0.12,1.94,21.56,continete,14,mercearia,MERC,€
4461,Azeite Virgem Extra Reserva Lata,0.5,4.42,8.84,continete,22,mercearia,MERC,€
678,Filete de Cavala em Ã“leo,0.12,2.55,32.69,continete,14,mercearia,MERC,€
3792,Filete de Cavala em Ã“leo,0.15,1.49,17.53,continete,14,mercearia,MERC,€
4894,Filete de Cavala em Ã“leo,0.155,1.54,18.12,continete,14,mercearia,MERC,€
1324,Ervilhas Cozidas Lata sem GlÃºten,0.85,1.39,2.67,continete,9,mercearia,MERC,€
6487,Ervilhas Cozidas Lata sem GlÃºten,0.85,1.39,2.67,continete,9,mercearia,MERC,€
12391, Filetes de Cavala em Ã“leo Vegetal PitÃ©u ,0.12,2.55,21.25,pingo_doce,14,mercearia,MERC,€
120,Tomate Pelado,0.78,1.29,1.65,continete,15,mercearia,MERC,€
198,Tomate Pelado,0.39,0.89,2.28,continete,15,mercearia,MERC,€
120,Tomate Pelado,0.78,1.29,1.65,continete,15,mercearia,MERC,€
198,Tomate Pelado,0.39,0.89,2.28,continete,15,mercearia,MERC,€
110,Tomate Pelado Inteiro,0.39,0.96,2.46,continete,15,mercearia,MERC,€
630,Tomate Pelado Inteiro,0.4,2.29,5.73,continete,15,mercearia,MERC,€
844,Tomate Pelado Inteiro,0.4,1.29,3.23,continete,15,mercearia,MERC,€
6289,Tomate Pelado Inteiro,0.4,1.29,3.23,continete,15,mercearia,MERC,€
116,Tomate Pelado em PedaÃ§os,0.39,1.46,3.74,continete,15,mercearia,MERC,€
110,Tomate Pelado Inteiro,0.39,0.96,2.46,continete,15,mercearia,MERC,€
630,Tomate Pelado Inteiro,0.4,2.29,5.73,continete,15,mercearia,MERC,€
844,Tomate Pelado Inteiro,0.4,1.29,3.23,continete,15,mercearia,MERC,€
6289,Tomate Pelado Inteiro,0.4,1.29,3.23,continete,15,mercearia,MERC,€
110,Tomate Pelado Inteiro,0.39,0.96,2.46,continete,15,mercearia,MERC,€
630,Tomate Pelado Inteiro,0.4,2.29,5.73,continete,15,mercearia,MERC,€
844,Tomate Pelado Inteiro,0.4,1.29,3.23,continete,15,mercearia,MERC,€
6289,Tomate Pelado Inteiro,0.4,1.29,3.23,continete,15,mercearia,MERC,€
110,Tomate Pelado Inteiro,0.39,0.96,2.46,continete,15,mercearia,MERC,€
630,Tomate Pelado Inteiro,0.4,2.29,5.73,continete,15,mercearia,MERC,€
844,Tomate Pelado Inteiro,0.4,1.29,3.23,continete,15,mercearia,MERC,€
6289,Tomate Pelado Inteiro,0.4,1.29,3.23,continete,15,mercearia,MERC,€
11399, Tomate Pelado Inteiro Pingo Doce ,0.39,0.89,2.28,pingo_doce,15,mercearia,MERC,€
11487, Tomate Pelado Inteiro Pingo Doce ,0.78,1.29,1.65,pingo_doce,15,mercearia,MERC,€
11399, Tomate Pelado Inteiro Pingo Doce ,0.39,0.89,2.28,pingo_doce,15,mercearia,MERC,€
11487, Tomate Pelado Inteiro Pingo Doce ,0.78,1.29,1.65,pingo_doce,15,mercearia,MERC,€
11688, Tomate Pelado BiolÃ³gico Mutti ,0.4,2.59,6.48,pingo_doce,15,mercearia,MERC,€
13423, Tomate Pelado Guloso ,0.39,1.29,3.31,pingo_doce,15,mercearia,MERC,€
108,Doce Extra de Tomate,0.375,1.79,4.77,continete,15,mercearia,MERC,€
233,Polpa Tomate Passata,0.7,2.79,3.99,continete,15,mercearia,MERC,€
260,Polpa de Tomate com Cebola e Alho,0.5,1.29,2.58,continete,15,mercearia,MERC,€
511,Polpa de Tomate com Cebola e Alho,0.5,1.39,2.78,continete,15,mercearia,MERC,€
1901,Polpa de Tomate com Cebola e Alho,0.5,2.39,4.78,continete,15,mercearia,MERC,€
268,Atum Posta em Molho de Tomate e OregÃ£os,0.12,0.99,12.69,continete,12,mercearia,MERC,€
16250, Mistura de Vegetais para Saltear Congelada Pingo Doce ,0.4,1.19,2.97,pingo_doce,16,congelados,CONGE,€
9,Tablete de Chocolate de Leite Extrafino sem GlÃºten,0.27,4.25,15.74,continete,0,mercearia,MERC,€
2977,Tablete de Chocolate de Leite Extrafino sem GlÃºten,0.125,1.64,13.12,continete,0,mercearia,MERC,€
6725,Tablete de Chocolate de Leite Extrafino sem GlÃºten,0.27,4.25,15.74,continete,0,mercearia,MERC,€
7259,Tablete de Chocolate de Leite Extrafino sem GlÃºten,0.125,1.64,13.12,continete,0,mercearia,MERC,€
46,Polpa de Tomate,0.5,0.99,1.98,continete,15,mercearia,MERC,€
57,Polpa de Tomate,3.0,1.49,2.37,continete,15,mercearia,MERC,€
241,Polpa de Tomate,0.5,1.27,2.54,continete,15,mercearia,MERC,€
395,Polpa de Tomate,3.0,2.55,4.05,continete,15,mercearia,MERC,€
599,Polpa de Tomate,1.0,1.79,1.79,continete,15,mercearia,MERC,€
655,Polpa de Tomate,1.0,2.69,2.69,continete,15,mercearia,MERC,€
815,Polpa de Tomate,1.0,2.64,2.64,continete,15,mercearia,MERC,€
937,Polpa de Tomate,0.5,1.65,3.3,continete,15,mercearia,MERC,€
1074,Polpa de Tomate,0.21,0.89,4.24,continete,15,mercearia,MERC,€
46,Polpa de Tomate,0.5,0.99,1.98,continete,15,mercearia,MERC,€
57,Polpa de Tomate,3.0,1.49,2.37,continete,15,mercearia,MERC,€
241,Polpa de Tomate,0.5,1.27,2.54,continete,15,mercearia,MERC,€
395,Polpa de Tomate,3.0,2.55,4.05,continete,15,mercearia,MERC,€
599,Polpa de Tomate,1.0,1.79,1.79,continete,15,mercearia,MERC,€
655,Polpa de Tomate,1.0,2.69,2.69,continete,15,mercearia,MERC,€
815,Polpa de Tomate,1.0,2.64,2.64,continete,15,mercearia,MERC,€
937,Polpa de Tomate,0.5,1.65,3.3,continete,15,mercearia,MERC,€
1074,Polpa de Tomate,0.21,0.89,4.24,continete,15,mercearia,MERC,€
46,Polpa de Tomate,0.5,0.99,1.98,continete,15,mercearia,MERC,€
57,Polpa de Tomate,3.0,1.49,2.37,continete,15,mercearia,MERC,€
241,Polpa de Tomate,0.5,1.27,2.54,continete,15,mercearia,MERC,€
395,Polpa de Tomate,3.0,2.55,4.05,continete,15,mercearia,MERC,€
599,Polpa de Tomate,1.0,1.79,1.79,continete,15,mercearia,MERC,€
655,Polpa de Tomate,1.0,2.69,2.69,continete,15,mercearia,MERC,€
815,Polpa de Tomate,1.0,2.64,2.64,continete,15,mercearia,MERC,€
937,Polpa de Tomate,0.5,1.65,3.3,continete,15,mercearia,MERC,€
1074,Polpa de Tomate,0.21,0.89,4.24,continete,15,mercearia,MERC,€
257,Leite de Coco,0.4,1.49,3.73,continete,0,mercearia,MERC,€
736,Leite de Coco,0.2,1.69,8.45,continete,0,mercearia,MERC,€
1525,Leite de Coco,0.165,1.52,9.21,continete,0,mercearia,MERC,€
1671,Leite de Coco,0.4,1.99,4.98,continete,0,mercearia,MERC,€
1779,Leite de Coco,0.4,2.99,7.48,continete,0,mercearia,MERC,€
2252,Leite de Coco,0.4,2.25,5.63,continete,0,mercearia,MERC,€
4810,Leite de Coco,0.33,3.79,11.48,continete,0,mercearia,MERC,€
6311,Leite de Coco,0.2,1.69,8.45,continete,0,mercearia,MERC,€
6459,Leite de Coco,0.4,1.49,3.73,continete,0,mercearia,MERC,€
6650,Leite de Coco,0.165,1.52,9.21,continete,0,mercearia,MERC,€
7012,Leite de Coco,0.4,2.99,7.48,continete,0,mercearia,MERC,€
7783,Leite de Coco,0.33,3.79,11.48,continete,0,mercearia,MERC,€
317,Tortitas de Arroz com 54% Chocolate sem GlÃºten,0.122,1.59,13.03,continete,2,mercearia,MERC,€
6258,Tortitas de Arroz com 54% Chocolate sem GlÃºten,0.122,1.59,13.03,continete,2,mercearia,MERC,€
332,Bolachas Argolinhas com Cobertura Chocolate de Leite,0.15,0.79,5.27,continete,0,mercearia,MERC,€
343,Filete de Atum em Azeite com ManjericÃ£o e Tomate,0.12,2.89,37.05,continete,12,mercearia,MERC,€
46,Polpa de Tomate,0.5,0.99,1.98,continete,15,mercearia,MERC,€
57,Polpa de Tomate,3.0,1.49,2.37,continete,15,mercearia,MERC,€
241,Polpa de Tomate,0.5,1.27,2.54,continete,15,mercearia,MERC,€
395,Polpa de Tomate,3.0,2.55,4.05,continete,15,mercearia,MERC,€
599,Polpa de Tomate,1.0,1.79,1.79,continete,15,mercearia,MERC,€
655,Polpa de Tomate,1.0,2.69,2.69,continete,15,mercearia,MERC,€
815,Polpa de Tomate,1.0,2.64,2.64,continete,15,mercearia,MERC,€
937,Polpa de Tomate,0.5,1.65,3.3,continete,15,mercearia,MERC,€
1074,Polpa de Tomate,0.21,0.89,4.24,continete,15,mercearia,MERC,€
545,PatÃª de Sardinha,0.088,2.09,23.75,continete,13,mercearia,MERC,€
997,PatÃª de Sardinha,0.075,1.96,26.13,continete,13,mercearia,MERC,€
1055,PatÃª de Sardinha,4.0,1.39,15.8,continete,13,mercearia,MERC,€
2023,PatÃª de Sardinha,0.065,0.79,12.15,continete,13,mercearia,MERC,€
2523,PatÃª de Sardinha,0.075,1.65,22.0,continete,13,mercearia,MERC,€
4168,PatÃª de Sardinha,0.065,0.99,15.23,continete,13,mercearia,MERC,€
46,Polpa de Tomate,0.5,0.99,1.98,continete,15,mercearia,MERC,€
57,Polpa de Tomate,3.0,1.49,2.37,continete,15,mercearia,MERC,€
241,Polpa de Tomate,0.5,1.27,2.54,continete,15,mercearia,MERC,€
395,Polpa de Tomate,3.0,2.55,4.05,continete,15,mercearia,MERC,€
599,Polpa de Tomate,1.0,1.79,1.79,continete,15,mercearia,MERC,€
655,Polpa de Tomate,1.0,2.69,2.69,continete,15,mercearia,MERC,€
815,Polpa de Tomate,1.0,2.64,2.64,continete,15,mercearia,MERC,€
937,Polpa de Tomate,0.5,1.65,3.3,continete,15,mercearia,MERC,€
1074,Polpa de Tomate,0.21,0.89,4.24,continete,15,mercearia,MERC,€
600,"Tortitas Vitalday de Arroz, Iogurte e Framboesa sem GlÃºten",0.112,2.89,25.8,continete,2,mercearia,MERC,€
6553,"Tortitas Vitalday de Arroz, Iogurte e Framboesa sem GlÃºten",0.112,2.89,25.8,continete,2,mercearia,MERC,€
46,Polpa de Tomate,0.5,0.99,1.98,continete,15,mercearia,MERC,€
57,Polpa de Tomate,3.0,1.49,2.37,continete,15,mercearia,MERC,€
241,Polpa de Tomate,0.5,1.27,2.54,continete,15,mercearia,MERC,€
395,Polpa de Tomate,3.0,2.55,4.05,continete,15,mercearia,MERC,€
599,Polpa de Tomate,1.0,1.79,1.79,continete,15,mercearia,MERC,€
655,Polpa de Tomate,1.0,2.69,2.69,continete,15,mercearia,MERC,€
815,Polpa de Tomate,1.0,2.64,2.64,continete,15,mercearia,MERC,€
937,Polpa de Tomate,0.5,1.65,3.3,continete,15,mercearia,MERC,€
1074,Polpa de Tomate,0.21,0.89,4.24,continete,15,mercearia,MERC,€
660,Barras de Cereais Chocolate de Leite e Banana,0.126,1.29,10.32,continete,0,mercearia,MERC,€
10902,BrÃ³colos,0.533,3.76,7.05,continete,17,congelados,CONGE,€
10922,BrÃ³colos,0.4,2.05,5.13,continete,17,congelados,CONGE,€
10902,BrÃ³colos,0.533,3.76,7.05,continete,17,congelados,CONGE,€
10922,BrÃ³colos,0.4,2.05,5.13,continete,17,congelados,CONGE,€
6239,Veggie Bowls Trigo Sarraceno e BrÃ³colos,0.35,2.99,8.54,continete,17,mercearia,MERC,€
11859,Veggie Bowls Trigo Sarraceno e BrÃ³colos,0.35,2.99,8.54,continete,17,frigorifico,FRIGO,€
7861,AlmÃ´ndegas de BrÃ³colos,0.42,9.99,23.79,continete,17,mercearia,MERC,€
10702,AlmÃ´ndegas de BrÃ³colos,0.42,9.99,23.79,continete,17,peixaria_talho,PETA,€
11887,AlmÃ´ndegas de BrÃ³colos,0.42,9.99,23.79,continete,17,frigorifico,FRIGO,€
7861,AlmÃ´ndegas de BrÃ³colos,0.42,9.99,23.79,continete,17,mercearia,MERC,€
10702,AlmÃ´ndegas de BrÃ³colos,0.42,9.99,23.79,continete,17,peixaria_talho,PETA,€
11887,AlmÃ´ndegas de BrÃ³colos,0.42,9.99,23.79,continete,17,frigorifico,FRIGO,€
11113,"Mistura de BrÃ³colos, Couve-flor e Cenoura",1.0,1.78,1.78,continete,17,congelados,CONGE,€
6239,Veggie Bowls Trigo Sarraceno e BrÃ³colos,0.35,2.99,8.54,continete,17,mercearia,MERC,€
11859,Veggie Bowls Trigo Sarraceno e BrÃ³colos,0.35,2.99,8.54,continete,17,frigorifico,FRIGO,€
7861,AlmÃ´ndegas de BrÃ³colos,0.42,9.99,23.79,continete,17,mercearia,MERC,€
10702,AlmÃ´ndegas de BrÃ³colos,0.42,9.99,23.79,continete,17,peixaria_talho,PETA,€
11887,AlmÃ´ndegas de BrÃ³colos,0.42,9.99,23.79,continete,17,frigorifico,FRIGO,€
12168,Sopa de BrÃ³colos,0.8,2.99,2.99,continete,17,frigorifico,FRIGO,€
12178,Sopa de BrÃ³colos,0.4,1.99,1.99,continete,17,frigorifico,FRIGO,€
12168,Sopa de BrÃ³colos,0.8,2.99,2.99,continete,17,frigorifico,FRIGO,€
12178,Sopa de BrÃ³colos,0.4,1.99,1.99,continete,17,frigorifico,FRIGO,€
14983, Floretes de BrÃ³colos - Embalagem 0.3 Kg ,0.3,1.5,5.0,pingo_doce,17,frutas_legumes,FRLE,€
15029, BrÃ³colos - Unidade 0.42 Kg ,0.42,1.87,1.87,pingo_doce,17,frutas_legumes,FRLE,€
15946, Veggie Rice de Couve-flor e BrÃ³colos Pingo Doce ,0.45,1.99,4.42,pingo_doce,17,congelados,CONGE,€
16089, BrÃ³colos Congelados Pingo Doce ,0.4,0.74,1.85,pingo_doce,17,congelados,CONGE,€
16136, BrÃ³colos Congelados Iglo ,0.533,3.76,7.05,pingo_doce,17,congelados,CONGE,€
5585,FeijÃ£o Verde,0.5,2.99,5.98,continete,7,frutas_legumes,FRLE,€
4292,FeijÃ£o Mung Verde,0.5,2.99,5.98,continete,7,mercearia,MERC,€
8156,FeijÃ£o Mung Verde,0.5,2.99,5.98,continete,7,mercearia,MERC,€
4292,FeijÃ£o Mung Verde,0.5,2.99,5.98,continete,7,mercearia,MERC,€
8156,FeijÃ£o Mung Verde,0.5,2.99,5.98,continete,7,mercearia,MERC,€
5572,FeijÃ£o Verde Largo,0.3,3.99,0.12,continete,7,frutas_legumes,FRLE,€
6216,FeijÃ£o Verde BiolÃ³gico,0.3,3.49,11.63,continete,7,mercearia,MERC,€
7966,Mix de Pimento e FeijÃ£o Verde Crocantes,0.025,1.99,99.5,continete,7,mercearia,MERC,€
10907,Mistura de FeijÃ£o Verde e Cenoura,0.4,1.59,3.98,continete,7,congelados,CONGE,€
11809,Sopa de FeijÃ£o Verde,0.8,1.99,2.4,continete,7,frigorifico,FRIGO,€
11946,Sopa de FeijÃ£o Verde,0.4,1.39,3.48,continete,7,frigorifico,FRIGO,€
11809,Sopa de FeijÃ£o Verde,0.8,1.99,2.4,continete,7,frigorifico,FRIGO,€
11946,Sopa de FeijÃ£o Verde,0.4,1.39,3.48,continete,7,frigorifico,FRIGO,€
14906, FeijÃ£o Verde Pingo Doce - Embalagem ,0.5,2.49,4.98,pingo_doce,7,frutas_legumes,FRLE,€
14909, FeijÃ£o Verde Bio - Embalagem 0.3 Kg ,0.3,3.69,12.3,pingo_doce,7,frutas_legumes,FRLE,€
15013, FeijÃ£o Verde - Unidade 0.25 Kg ,0.25,3.99,3.99,pingo_doce,7,frutas_legumes,FRLE,€
15048, FeijÃ£o Verde com Cenoura - Embalagem 0.4 Kg ,0.4,2.49,6.23,pingo_doce,7,frutas_legumes,FRLE,€
15887, Sopa de FeijÃ£o Verde ,0.9,2.79,3.1,pingo_doce,7,frigorifico,FRIGO,€
15914, Sopa de FeijÃ£o Verde sem AdiÃ§Ã£o de Sal ,0.9,2.79,3.1,pingo_doce,7,frigorifico,FRIGO,€
5478,Espinafre,0.3,2.06,6.87,continete,19,frutas_legumes,FRLE,€
5668,Espinafre,0.15,1.68,11.2,continete,19,frutas_legumes,FRLE,€
5478,Espinafre,0.3,2.06,6.87,continete,19,frutas_legumes,FRLE,€
5668,Espinafre,0.15,1.68,11.2,continete,19,frutas_legumes,FRLE,€
2201,Tortellinni com Ricotta e Espinafres,0.25,3.84,15.36,continete,19,mercearia,MERC,€
12143,Tortellinni com Ricotta e Espinafres,0.25,3.84,15.36,continete,19,frigorifico,FRIGO,€
2991,HambÃºrguer de Espinafres,0.16,3.39,21.19,continete,19,mercearia,MERC,€
7315,HambÃºrguer de Espinafres,0.16,3.39,21.19,continete,19,mercearia,MERC,€
10705,HambÃºrguer de Espinafres,0.16,3.39,21.19,continete,19,peixaria_talho,PETA,€
12171,HambÃºrguer de Espinafres,0.16,3.39,21.19,continete,19,frigorifico,FRIGO,€
5656,Preparado para Sopa de Espinafres,0.5,1.87,3.74,continete,19,frutas_legumes,FRLE,€
5900,Creme Batata Doce e Espinafres,0.45,2.06,4.58,continete,19,frutas_legumes,FRLE,€
5907,"Sumo MaÃ§Ã£, Pepino, Espinafres, Aipo LimÃ£o e Gengibre",0.75,3.99,5.32,continete,19,frutas_legumes,FRLE,€
6105,Tortellini Fresco de Ricotta e Espinafres,0.25,3.79,15.16,continete,19,mercearia,MERC,€
11792,Tortellini Fresco de Ricotta e Espinafres,0.25,3.79,15.16,continete,19,frigorifico,FRIGO,€
6326,Fingers de Espinafres,0.284,2.99,10.53,continete,19,mercearia,MERC,€
10967,Fingers de Espinafres,0.284,2.99,10.53,continete,19,congelados,CONGE,€
6616,Gnocchi com Molho de Tomate e Espinafres,0.5,3.69,7.38,continete,15,mercearia,MERC,€
11226,Gnocchi com Molho de Tomate e Espinafres,0.5,3.69,7.38,continete,15,congelados,CONGE,€
11793,Gnocchi com Molho de Tomate e Espinafres,0.5,3.69,7.38,continete,15,frigorifico,FRIGO,€
7094,Empanadilha Espinafres e Queijo,0.33,4.39,13.3,continete,1,mercearia,MERC,€
11315,Empanadilha Espinafres e Queijo,0.33,4.39,13.3,continete,1,congelados,CONGE,€
12107,Empanadilha Espinafres e Queijo,0.33,4.39,13.3,continete,1,frigorifico,FRIGO,€
7124,HambÃºrguer Vegetariano de Espinafres,0.16,4.39,27.44,continete,19,mercearia,MERC,€
10632,HambÃºrguer Vegetariano de Espinafres,0.16,4.39,27.44,continete,19,peixaria_talho,PETA,€
12097,HambÃºrguer Vegetariano de Espinafres,0.16,4.39,27.44,continete,19,frigorifico,FRIGO,€
2991,HambÃºrguer de Espinafres,0.16,3.39,21.19,continete,19,mercearia,MERC,€
7315,HambÃºrguer de Espinafres,0.16,3.39,21.19,continete,19,mercearia,MERC,€
10705,HambÃºrguer de Espinafres,0.16,3.39,21.19,continete,19,peixaria_talho,PETA,€
12171,HambÃºrguer de Espinafres,0.16,3.39,21.19,continete,19,frigorifico,FRIGO,€
10482,Rolo de Carne de Porco com Espinafres e Queijo,1.1,7.59,8.35,continete,1,peixaria_talho,PETA,€
7124,HambÃºrguer Vegetariano de Espinafres,0.16,4.39,27.44,continete,19,mercearia,MERC,€
10632,HambÃºrguer Vegetariano de Espinafres,0.16,4.39,27.44,continete,19,peixaria_talho,PETA,€
12097,HambÃºrguer Vegetariano de Espinafres,0.16,4.39,27.44,continete,19,frigorifico,FRIGO,€
5498,Cenoura,0.68,1.22,0.21,continete,20,frutas_legumes,FRLE,€
226,"Saqueta de Fruta MaÃ§Ã£, Pera e Cenoura +8M",0.09,0.74,8.22,continete,20,mercearia,MERC,€
348,"Saqueta de Fruta MaÃ§Ã£, Cenoura e Manga +6M",0.09,0.74,8.22,continete,20,mercearia,MERC,€
416,Ervilhas com Cenoura sem GlÃºten,0.41,1.49,6.37,continete,9,mercearia,MERC,€
6567,Ervilhas com Cenoura sem GlÃºten,0.41,1.49,6.37,continete,9,mercearia,MERC,€
943,"Saqueta de Fruta Ameixa, Cenoura, Pera e Beterraba +6M",0.085,0.89,10.47,continete,20,mercearia,MERC,€
984,Snack para BebÃ© Cenoura +10M,0.04,1.91,7.96,continete,20,mercearia,MERC,€
6369,Snack para BebÃ© Cenoura +10M,0.04,1.91,7.96,continete,20,mercearia,MERC,€
1219,"PurÃ© MaÃ§Ã£, Cenoura e AbÃ³bora Saqueta",0.1,1.09,10.9,continete,20,mercearia,MERC,€
1319,Ervilhas e Cenouras sem GlÃºten,0.6,3.89,9.97,continete,9,mercearia,MERC,€
6232,Ervilhas e Cenouras sem GlÃºten,0.6,3.89,9.97,continete,9,mercearia,MERC,€
1566,Arroz de Cenoura Pronto a Comer sem GlÃºten,2.0,1.45,5.8,continete,2,mercearia,MERC,€
6709,Arroz de Cenoura Pronto a Comer sem GlÃºten,2.0,1.45,5.8,continete,2,mercearia,MERC,€
11962,Arroz de Cenoura Pronto a Comer sem GlÃºten,2.0,1.45,5.8,continete,2,frigorifico,FRIGO,€
1621,"Saqueta de Fruta MaÃ§Ã£, Banana e Cenoura +4M",0.1,1.08,10.8,continete,20,mercearia,MERC,€
7021,"Saqueta de Fruta MaÃ§Ã£, Banana e Cenoura +4M",0.1,1.08,10.8,continete,20,mercearia,MERC,€
1885,"BoiÃ£o de Fruta Pera, Banana e Cenoura +4M",0.12,1.19,9.92,continete,20,mercearia,MERC,€
7780,"BoiÃ£o de Fruta Pera, Banana e Cenoura +4M",0.12,1.19,9.92,continete,20,mercearia,MERC,€
2834,RefeiÃ§Ã£o para BebÃ© Peru e Cenouras +6M,2.0,3.99,9.98,continete,20,mercearia,MERC,€
5245,Mini Cenoura,0.26,1.79,6.88,continete,20,padaria_pastelaria,PAPA,€
5490,Cenoura Embalada,1.0,1.22,1.22,continete,20,frutas_legumes,FRLE,€
5542,Cenoura BiolÃ³gica,0.5,0.99,1.98,continete,20,frutas_legumes,FRLE,€
6096,Cenoura BiolÃ³gica,0.5,0.99,1.98,continete,20,mercearia,MERC,€
2640,Creme de Alho FrancÃªs,0.074,0.89,12.03,continete,21,mercearia,MERC,€
5501,Alho FrancÃªs Cortado,0.3,1.4,4.67,continete,21,frutas_legumes,FRLE,€
11184,Alho FrancÃªs Cortado,0.75,0.93,1.24,continete,21,congelados,CONGE,€
5852,Sopa Alho FrancÃªs com Cenoura,0.35,1.68,4.8,continete,20,frutas_legumes,FRLE,€
6164,Alho FrancÃªs BiolÃ³gico,0.4,1.99,4.98,continete,21,mercearia,MERC,€
5501,Alho FrancÃªs Cortado,0.3,1.4,4.67,continete,21,frutas_legumes,FRLE,€
11184,Alho FrancÃªs Cortado,0.75,0.93,1.24,continete,21,congelados,CONGE,€
12221,Croquete de Frango com Alho FrancÃªs,2.0,0.79,17.56,continete,10,frigorifico,FRIGO,€
14920, Alho FrancÃªs Pingo Doce - Embalagem 0.4 Kg ,0.4,1.87,4.68,pingo_doce,21,frutas_legumes,FRLE,€
14986, Alho FrancÃªs PedaÃ§os - Embalagem 0.4 Kg ,0.4,1.5,3.75,pingo_doce,21,frutas_legumes,FRLE,€
14996, Alho FrancÃªs Bio - Embalagem 0.4 Kg ,0.4,2.06,5.15,pingo_doce,21,frutas_legumes,FRLE,€
15081, Alho FrancÃªs Inteiro Pingo Doce - Embalagem 0.5 Kg ,0.5,2.82,2.82,pingo_doce,21,frutas_legumes,FRLE,€
16079, Alho FrancÃªs Ã s Rodelas Congelado Pingo Doce ,0.75,0.93,1.24,pingo_doce,21,congelados,CONGE,€
260,Polpa de Tomate com Cebola e Alho,0.5,1.29,2.58,continete,15,mercearia,MERC,€
511,Polpa de Tomate com Cebola e Alho,0.5,1.39,2.78,continete,15,mercearia,MERC,€
1901,Polpa de Tomate com Cebola e Alho,0.5,2.39,4.78,continete,15,mercearia,MERC,€
270,"Croutons com Azeite, Alho e Salsa",0.075,0.74,9.87,continete,22,mercearia,MERC,€
5053,"Croutons com Azeite, Alho e Salsa",0.075,0.74,9.87,continete,22,padaria_pastelaria,PAPA,€
260,Polpa de Tomate com Cebola e Alho,0.5,1.29,2.58,continete,15,mercearia,MERC,€
511,Polpa de Tomate com Cebola e Alho,0.5,1.39,2.78,continete,15,mercearia,MERC,€
1901,Polpa de Tomate com Cebola e Alho,0.5,2.39,4.78,continete,15,mercearia,MERC,€
798,Tostas com Alho e Salsa,0.1,1.87,18.7,continete,5,mercearia,MERC,€
5171,Tostas com Alho e Salsa,0.1,1.87,18.7,continete,5,padaria_pastelaria,PAPA,€
28,Azeite,0.75,3.95,5.27,continete,22,mercearia,MERC,€
2996,Azeite,0.75,4.8,6.4,continete,22,mercearia,MERC,€
28,Azeite,0.75,3.95,5.27,continete,22,mercearia,MERC,€
2996,Azeite,0.75,4.8,6.4,continete,22,mercearia,MERC,€
0,Atum em Azeite,0.12,1.22,14.19,continete,12,mercearia,MERC,€
36,Atum em Azeite,0.12,1.02,12.0,continete,12,mercearia,MERC,€
888,Atum em Azeite,0.385,2.82,11.28,continete,12,mercearia,MERC,€
2,Atum Filetes em Azeite,0.12,2.53,32.44,continete,12,mercearia,MERC,€
10,Atum Posta em Azeite,0.12,1.78,22.82,continete,12,mercearia,MERC,€
69,Atum Posta em Azeite,0.12,2.06,26.41,continete,12,mercearia,MERC,€
72,Atum Posta em Azeite,0.12,1.02,12.0,continete,12,mercearia,MERC,€
84,Atum Posta em Azeite,0.385,5.36,21.35,continete,12,mercearia,MERC,€
165,Atum Posta em Azeite,0.12,1.03,13.21,continete,12,mercearia,MERC,€
196,Atum Posta em Azeite,0.2,2.94,22.62,continete,12,mercearia,MERC,€
277,Atum Posta em Azeite,0.385,3.29,13.16,continete,12,mercearia,MERC,€
327,Atum Posta em Azeite,0.385,3.76,15.04,continete,12,mercearia,MERC,€
385,Atum Posta em Azeite,0.11,1.02,14.17,continete,12,mercearia,MERC,€
1189,Atum Posta em Azeite,0.12,1.64,21.03,continete,12,mercearia,MERC,€
1519,Atum Posta em Azeite,0.12,1.4,17.95,continete,12,mercearia,MERC,€
7282,Atum Posta em Azeite,0.12,1.4,17.95,continete,12,mercearia,MERC,€
15,Azeite Virgem Extra Selecionado Pet,0.75,5.17,6.89,continete,22,mercearia,MERC,€
0,Atum em Azeite,0.12,1.22,14.19,continete,12,mercearia,MERC,€
36,Atum em Azeite,0.12,1.02,12.0,continete,12,mercearia,MERC,€
888,Atum em Azeite,0.385,2.82,11.28,continete,12,mercearia,MERC,€
38,Azeite Virgem Extra,0.75,4.42,5.89,continete,22,mercearia,MERC,€
1008,Azeite Virgem Extra,0.75,6.35,8.47,continete,22,mercearia,MERC,€
1427,Azeite Virgem Extra,0.5,3.76,7.52,continete,22,mercearia,MERC,€
2528,Azeite Virgem Extra,0.5,8.95,17.9,continete,22,mercearia,MERC,€
2655,Azeite Virgem Extra,0.75,6.6,8.8,continete,22,mercearia,MERC,€
3395,Azeite Virgem Extra,0.5,6.78,13.56,continete,22,mercearia,MERC,€
4073,Azeite Virgem Extra,0.5,9.42,18.84,continete,22,mercearia,MERC,€
6236,Azeite Virgem Extra,0.75,6.35,8.47,continete,22,mercearia,MERC,€
6850,Azeite Virgem Extra,0.5,3.76,7.52,continete,22,mercearia,MERC,€
7219,Azeite Virgem Extra,0.5,6.78,13.56,continete,22,mercearia,MERC,€
7439,Azeite Virgem Extra,0.5,9.42,18.84,continete,22,mercearia,MERC,€
41,Azeite Virgem Extra Sublime,0.75,5.46,7.28,continete,22,mercearia,MERC,€
10,Atum Posta em Azeite,0.12,1.78,22.82,continete,12,mercearia,MERC,€
69,Atum Posta em Azeite,0.12,2.06,26.41,continete,12,mercearia,MERC,€
72,Atum Posta em Azeite,0.12,1.02,12.0,continete,12,mercearia,MERC,€
84,Atum Posta em Azeite,0.385,5.36,21.35,continete,12,mercearia,MERC,€
165,Atum Posta em Azeite,0.12,1.03,13.21,continete,12,mercearia,MERC,€
196,Atum Posta em Azeite,0.2,2.94,22.62,continete,12,mercearia,MERC,€
277,Atum Posta em Azeite,0.385,3.29,13.16,continete,12,mercearia,MERC,€
327,Atum Posta em Azeite,0.385,3.76,15.04,continete,12,mercearia,MERC,€
385,Atum Posta em Azeite,0.11,1.02,14.17,continete,12,mercearia,MERC,€
1189,Atum Posta em Azeite,0.12,1.64,21.03,continete,12,mercearia,MERC,€
1519,Atum Posta em Azeite,0.12,1.4,17.95,continete,12,mercearia,MERC,€
7282,Atum Posta em Azeite,0.12,1.4,17.95,continete,12,mercearia,MERC,€
70,Batata Frita Lisa Azeite,0.15,1.19,7.93,continete,22,mercearia,MERC,€
11752,Batata Frita Lisa Azeite,0.15,1.19,7.93,continete,22,frigorifico,FRIGO,€
10,Atum Posta em Azeite,0.12,1.78,22.82,continete,12,mercearia,MERC,€
69,Atum Posta em Azeite,0.12,2.06,26.41,continete,12,mercearia,MERC,€
72,Atum Posta em Azeite,0.12,1.02,12.0,continete,12,mercearia,MERC,€
84,Atum Posta em Azeite,0.385,5.36,21.35,continete,12,mercearia,MERC,€
165,Atum Posta em Azeite,0.12,1.03,13.21,continete,12,mercearia,MERC,€
196,Atum Posta em Azeite,0.2,2.94,22.62,continete,12,mercearia,MERC,€
277,Atum Posta em Azeite,0.385,3.29,13.16,continete,12,mercearia,MERC,€
327,Atum Posta em Azeite,0.385,3.76,15.04,continete,12,mercearia,MERC,€
385,Atum Posta em Azeite,0.11,1.02,14.17,continete,12,mercearia,MERC,€
1189,Atum Posta em Azeite,0.12,1.64,21.03,continete,12,mercearia,MERC,€
1519,Atum Posta em Azeite,0.12,1.4,17.95,continete,12,mercearia,MERC,€
7282,Atum Posta em Azeite,0.12,1.4,17.95,continete,12,mercearia,MERC,€
79,Azeite Subtil,0.75,4.7,6.27,continete,22,mercearia,MERC,€
10,Atum Posta em Azeite,0.12,1.78,22.82,continete,12,mercearia,MERC,€
69,Atum Posta em Azeite,0.12,2.06,26.41,continete,12,mercearia,MERC,€
72,Atum Posta em Azeite,0.12,1.02,12.0,continete,12,mercearia,MERC,€
84,Atum Posta em Azeite,0.385,5.36,21.35,continete,12,mercearia,MERC,€
165,Atum Posta em Azeite,0.12,1.03,13.21,continete,12,mercearia,MERC,€
196,Atum Posta em Azeite,0.2,2.94,22.62,continete,12,mercearia,MERC,€
277,Atum Posta em Azeite,0.385,3.29,13.16,continete,12,mercearia,MERC,€
327,Atum Posta em Azeite,0.385,3.76,15.04,continete,12,mercearia,MERC,€
385,Atum Posta em Azeite,0.11,1.02,14.17,continete,12,mercearia,MERC,€
1189,Atum Posta em Azeite,0.12,1.64,21.03,continete,12,mercearia,MERC,€
1519,Atum Posta em Azeite,0.12,1.4,17.95,continete,12,mercearia,MERC,€
7282,Atum Posta em Azeite,0.12,1.4,17.95,continete,12,mercearia,MERC,€
154,Azeite Virgem Extra Essencial,0.75,4.59,6.12,continete,22,mercearia,MERC,€
16926, Creme Vegetal Becel ,0.225,2.89,12.84,pingo_doce,23,frigorÃ­fico,frigorÃ­fico,€
17362, Creme Vegetal Becel ,0.4,2.88,7.2,pingo_doce,23,frigorÃ­fico,frigorÃ­fico,€
16946, Creme Vegetal Flora ,0.225,1.99,8.84,pingo_doce,23,frigorÃ­fico,frigorÃ­fico,€
16926, Creme Vegetal Becel ,0.225,2.89,12.84,pingo_doce,23,frigorÃ­fico,frigorÃ­fico,€
17362, Creme Vegetal Becel ,0.4,2.88,7.2,pingo_doce,23,frigorÃ­fico,frigorÃ­fico,€
6481,Creme Vegetal de Soja Light para CulinÃ¡ria,0.25,1.89,7.56,continete,23,mercearia,MERC,€
8893,Creme Vegetal de Soja Light para CulinÃ¡ria,0.25,1.89,7.56,continete,23,leite_ovos,LEOV,€
6656,Creme Vegetal de Aveia para CulinÃ¡ria,0.25,1.84,7.36,continete,23,mercearia,MERC,€
9015,Creme Vegetal de Aveia para CulinÃ¡ria,0.25,1.84,7.36,continete,23,leite_ovos,LEOV,€
8452,Creme Vegetal de Aveia para CulinÃ¡ria BiolÃ³gico,0.2,1.69,8.45,continete,23,mercearia,MERC,€
8515,Creme Vegetal de Soja para CulinÃ¡ria,0.25,1.79,7.16,continete,23,leite_ovos,LEOV,€
8582,Creme Vegetal de Soja para CulinÃ¡ria,0.2,0.99,4.95,continete,23,leite_ovos,LEOV,€
9165,Creme Vegetal de Soja para CulinÃ¡ria,0.2,1.39,6.95,continete,23,leite_ovos,LEOV,€
8580,Creme Vegetal CulinÃ¡rio,0.45,2.39,5.31,continete,23,leite_ovos,LEOV,€
8826,Creme Vegetal CulinÃ¡rio,1.0,2.49,2.49,continete,23,leite_ovos,LEOV,€
8908,Creme Vegetal CulinÃ¡rio,0.25,0.77,3.08,continete,23,leite_ovos,LEOV,€
8515,Creme Vegetal de Soja para CulinÃ¡ria,0.25,1.79,7.16,continete,23,leite_ovos,LEOV,€
8582,Creme Vegetal de Soja para CulinÃ¡ria,0.2,0.99,4.95,continete,23,leite_ovos,LEOV,€
9165,Creme Vegetal de Soja para CulinÃ¡ria,0.2,1.39,6.95,continete,23,leite_ovos,LEOV,€
8601,Creme Vegetal CulinÃ¡rio LÃ­quido,0.5,3.49,6.98,continete,23,leite_ovos,LEOV,€
8626,Creme Vegetal para Barrar Sabor a Manteiga,0.4,2.99,7.48,continete,23,leite_ovos,LEOV,€
8871,Creme Vegetal para Barrar Sabor a Manteiga,0.9,4.99,5.54,continete,23,leite_ovos,LEOV,€
8918,Creme Vegetal para Barrar Sabor a Manteiga,0.225,1.79,7.96,continete,23,leite_ovos,LEOV,€
8801,Creme Vegetal Sabor a Manteiga Proactiv,0.45,3.98,8.84,continete,23,leite_ovos,LEOV,€
8823,Creme Vegetal para Barrar sabor a Manteiga,0.5,1.79,3.58,continete,23,leite_ovos,LEOV,€
9191,Creme Vegetal para Barrar sabor a Manteiga,0.25,1.09,4.36,continete,23,leite_ovos,LEOV,€
8580,Creme Vegetal CulinÃ¡rio,0.45,2.39,5.31,continete,23,leite_ovos,LEOV,€
8826,Creme Vegetal CulinÃ¡rio,1.0,2.49,2.49,continete,23,leite_ovos,LEOV,€
8908,Creme Vegetal CulinÃ¡rio,0.25,0.77,3.08,continete,23,leite_ovos,LEOV,€
8856,Creme Vegetal CulinÃ¡rio Omega 3,0.5,2.29,4.58,continete,23,leite_ovos,LEOV,€
1259,Marmelada,0.5,4.49,8.98,continete,24,mercearia,MERC,€
1411,Marmelada,0.45,1.49,3.31,continete,24,mercearia,MERC,€
2966,Marmelada,0.25,1.99,7.96,continete,24,mercearia,MERC,€
3167,Marmelada,0.25,3.95,15.8,continete,24,mercearia,MERC,€
3300,Marmelada,0.5,2.99,5.98,continete,24,mercearia,MERC,€
4500,Marmelada,0.8,3.59,4.49,continete,24,mercearia,MERC,€
7307,Marmelada,0.25,1.99,7.96,continete,24,mercearia,MERC,€
7629,Marmelada,0.25,3.95,15.8,continete,24,mercearia,MERC,€
1259,Marmelada,0.5,4.49,8.98,continete,24,mercearia,MERC,€
1411,Marmelada,0.45,1.49,3.31,continete,24,mercearia,MERC,€
2966,Marmelada,0.25,1.99,7.96,continete,24,mercearia,MERC,€
3167,Marmelada,0.25,3.95,15.8,continete,24,mercearia,MERC,€
3300,Marmelada,0.5,2.99,5.98,continete,24,mercearia,MERC,€
4500,Marmelada,0.8,3.59,4.49,continete,24,mercearia,MERC,€
7307,Marmelada,0.25,1.99,7.96,continete,24,mercearia,MERC,€
7629,Marmelada,0.25,3.95,15.8,continete,24,mercearia,MERC,€
1259,Marmelada,0.5,4.49,8.98,continete,24,mercearia,MERC,€
1411,Marmelada,0.45,1.49,3.31,continete,24,mercearia,MERC,€
2966,Marmelada,0.25,1.99,7.96,continete,24,mercearia,MERC,€
3167,Marmelada,0.25,3.95,15.8,continete,24,mercearia,MERC,€
3300,Marmelada,0.5,2.99,5.98,continete,24,mercearia,MERC,€
4500,Marmelada,0.8,3.59,4.49,continete,24,mercearia,MERC,€
7307,Marmelada,0.25,1.99,7.96,continete,24,mercearia,MERC,€
7629,Marmelada,0.25,3.95,15.8,continete,24,mercearia,MERC,€
1259,Marmelada,0.5,4.49,8.98,continete,24,mercearia,MERC,€
1411,Marmelada,0.45,1.49,3.31,continete,24,mercearia,MERC,€
2966,Marmelada,0.25,1.99,7.96,continete,24,mercearia,MERC,€
3167,Marmelada,0.25,3.95,15.8,continete,24,mercearia,MERC,€
3300,Marmelada,0.5,2.99,5.98,continete,24,mercearia,MERC,€
4500,Marmelada,0.8,3.59,4.49,continete,24,mercearia,MERC,€
7307,Marmelada,0.25,1.99,7.96,continete,24,mercearia,MERC,€
7629,Marmelada,0.25,3.95,15.8,continete,24,mercearia,MERC,€
1259,Marmelada,0.5,4.49,8.98,continete,24,mercearia,MERC,€
1411,Marmelada,0.45,1.49,3.31,continete,24,mercearia,MERC,€
2966,Marmelada,0.25,1.99,7.96,continete,24,mercearia,MERC,€
3167,Marmelada,0.25,3.95,15.8,continete,24,mercearia,MERC,€
3300,Marmelada,0.5,2.99,5.98,continete,24,mercearia,MERC,€
4500,Marmelada,0.8,3.59,4.49,continete,24,mercearia,MERC,€
7307,Marmelada,0.25,1.99,7.96,continete,24,mercearia,MERC,€
7629,Marmelada,0.25,3.95,15.8,continete,24,mercearia,MERC,€
1259,Marmelada,0.5,4.49,8.98,continete,24,mercearia,MERC,€
1411,Marmelada,0.45,1.49,3.31,continete,24,mercearia,MERC,€
2966,Marmelada,0.25,1.99,7.96,continete,24,mercearia,MERC,€
3167,Marmelada,0.25,3.95,15.8,continete,24,mercearia,MERC,€
3300,Marmelada,0.5,2.99,5.98,continete,24,mercearia,MERC,€
4500,Marmelada,0.8,3.59,4.49,continete,24,mercearia,MERC,€
7307,Marmelada,0.25,1.99,7.96,continete,24,mercearia,MERC,€
7629,Marmelada,0.25,3.95,15.8,continete,24,mercearia,MERC,€
1259,Marmelada,0.5,4.49,8.98,continete,24,mercearia,MERC,€
1411,Marmelada,0.45,1.49,3.31,continete,24,mercearia,MERC,€
2966,Marmelada,0.25,1.99,7.96,continete,24,mercearia,MERC,€
3167,Marmelada,0.25,3.95,15.8,continete,24,mercearia,MERC,€
3300,Marmelada,0.5,2.99,5.98,continete,24,mercearia,MERC,€
4500,Marmelada,0.8,3.59,4.49,continete,24,mercearia,MERC,€
7307,Marmelada,0.25,1.99,7.96,continete,24,mercearia,MERC,€
7629,Marmelada,0.25,3.95,15.8,continete,24,mercearia,MERC,€
1259,Marmelada,0.5,4.49,8.98,continete,24,mercearia,MERC,€
1411,Marmelada,0.45,1.49,3.31,continete,24,mercearia,MERC,€
2966,Marmelada,0.25,1.99,7.96,continete,24,mercearia,MERC,€
3167,Marmelada,0.25,3.95,15.8,continete,24,mercearia,MERC,€
3300,Marmelada,0.5,2.99,5.98,continete,24,mercearia,MERC,€
4500,Marmelada,0.8,3.59,4.49,continete,24,mercearia,MERC,€
7307,Marmelada,0.25,1.99,7.96,continete,24,mercearia,MERC,€
7629,Marmelada,0.25,3.95,15.8,continete,24,mercearia,MERC,€
777,Marmelada Pack PoupanÃ§a,0.9,2.69,2.99,continete,24,mercearia,MERC,€
1516,Marmelada Extra,0.4,1.84,4.6,continete,24,mercearia,MERC,€
3148,Marmelada Light,0.4,3.49,8.73,continete,24,mercearia,MERC,€
6929,Marmelada Light,0.4,3.49,8.73,continete,24,mercearia,MERC,€
3154,TaÃ§a de Marmelada,0.35,4.29,12.26,continete,24,mercearia,MERC,€
3166,Marmelada Nature,0.25,3.99,15.96,continete,24,mercearia,MERC,€
7776,Marmelada Nature,0.25,3.99,15.96,continete,24,mercearia,MERC,€
4211,Marmelada em Cubos,0.25,3.89,15.56,continete,24,mercearia,MERC,€
3148,Marmelada Light,0.4,3.49,8.73,continete,24,mercearia,MERC,€
6929,Marmelada Light,0.4,3.49,8.73,continete,24,mercearia,MERC,€
